True_Label,Predicted_Probability,Predicted_Label
0,0.02566903,0
1,0.1006129,0
0,0.008832532,0
0,0.035005715,0
0,0.025778096,0
1,0.07936958,0
0,0.020768655,0
0,0.21808542,0
0,0.012896668,0
0,0.006896787,0
0,0.021050181,0
0,0.019507485,0
0,0.032388132,0
0,0.03379569,0
0,0.10692603,0
0,0.018957762,0
0,0.026413426,0
0,0.015623689,0
0,0.0271492,0
0,0.01031062,0
0,0.0120701445,0
0,0.029038811,0
0,0.06890323,0
0,0.0127544375,0
0,0.22146325,0
0,0.0153958155,0
0,0.012291712,0
0,0.07858648,0
0,0.018194739,0
0,0.00937824,0
0,0.0063971407,0
0,0.030283615,0
0,0.08048567,0
0,0.028928136,0
0,0.08821456,0
0,0.027244586,0
0,0.4991874,0
0,0.008907897,0
0,0.03848767,0
0,0.20181759,0
0,0.028923165,0
0,0.03744149,0
0,0.29452816,0
0,0.007980286,0
0,0.010564047,0
0,0.1185236,0
0,0.029802969,0
0,0.13660645,0
0,0.013910495,0
0,0.011268474,0
0,0.017435655,0
0,0.013480117,0
0,0.026549922,0
0,0.017817412,0
0,0.046874028,0
0,0.020056609,0
0,0.01152985,0
0,0.036439203,0
0,0.009705241,0
0,0.013374722,0
0,0.06484388,0
0,0.014839693,0
0,0.03111531,0
0,0.019445308,0
0,0.011443606,0
0,0.01616457,0
0,0.013376232,0
0,0.013235396,0
0,0.03025043,0
0,0.008327095,0
0,0.084282964,0
0,0.00799703,0
0,0.1268711,0
0,0.014515942,0
0,0.14981775,0
0,0.049677126,0
0,0.009482587,0
0,0.017096356,0
0,0.010096014,0
0,0.0075391554,0
0,0.006778208,0
0,0.009218625,0
0,0.07426588,0
0,0.04518991,0
0,0.05210064,0
0,0.04888514,0
0,0.0639532,0
0,0.019844988,0
0,0.0063775154,0
0,0.015688598,0
0,0.015655976,0
0,0.021191228,0
0,0.010854625,0
0,0.008485829,0
0,0.02369821,0
1,0.24030447,0
0,0.009501025,0
0,0.013931722,0
0,0.011882349,0
0,0.019467631,0
0,0.11115068,0
0,0.02815574,0
0,0.1947545,0
0,0.011142553,0
0,0.025450159,0
0,0.03782675,0
0,0.01046476,0
0,0.009664784,0
0,0.008031489,0
0,0.008880953,0
0,0.02858816,0
0,0.033548232,0
0,0.03798405,0
1,0.17016575,0
0,0.008250249,0
0,0.044592418,0
0,0.018907234,0
0,0.08006983,0
0,0.015222465,0
1,0.88703954,1
0,0.012093537,0
0,0.29280728,0
0,0.012443236,0
0,0.019889677,0
1,0.7074771,1
0,0.044923674,0
0,0.022535099,0
1,0.70234346,1
0,0.03180424,0
0,0.018475248,0
0,0.01603816,0
0,0.037705336,0
0,0.008933926,0
0,0.03122158,0
0,0.033960465,0
0,0.009294812,0
0,0.009685092,0
0,0.07296371,0
0,0.008241771,0
0,0.01520238,0
0,0.0107073365,0
0,0.022038631,0
0,0.02146713,0
0,0.01328099,0
0,0.010513191,0
0,0.2019117,0
0,0.023213938,0
0,0.017348282,0
0,0.018758785,0
0,0.017421845,0
0,0.028037028,0
0,0.021007098,0
0,0.36350235,0
0,0.008585234,0
0,0.02680647,0
0,0.43448737,0
1,0.057287745,0
0,0.02434271,0
0,0.048080117,0
0,0.012926252,0
0,0.014165932,0
0,0.047006257,0
0,0.020824967,0
0,0.006945113,0
0,0.015051102,0
0,0.0372864,0
0,0.0152943125,0
0,0.007863143,0
0,0.020343715,0
0,0.010945812,0
0,0.0054691113,0
0,0.013141997,0
0,0.038382947,0
0,0.014946434,0
0,0.0071404763,0
0,0.016143639,0
0,0.19306026,0
0,0.0075185476,0
0,0.031019956,0
0,0.04205171,0
0,0.012549297,0
0,0.013156253,0
0,0.053795446,0
0,0.04055903,0
0,0.025332823,0
0,0.025581622,0
0,0.011315457,0
0,0.15882973,0
0,0.030102696,0
0,0.014627975,0
0,0.014193381,0
0,0.011547161,0
0,0.03558441,0
0,0.69582456,1
0,0.01218661,0
0,0.027158784,0
0,0.044412013,0
0,0.19445367,0
0,0.008467946,0
0,0.04227516,0
0,0.16254602,0
1,0.2550665,0
1,0.2937965,0
0,0.23982598,0
0,0.008548246,0
0,0.006388866,0
0,0.031338032,0
0,0.05729539,0
0,0.011750148,0
0,0.012293391,0
0,0.06412796,0
0,0.011697133,0
0,0.01061115,0
0,0.013405571,0
0,0.03443558,0
0,0.025136005,0
0,0.014792259,0
0,0.23398142,0
0,0.010387246,0
0,0.015016899,0
0,0.016415415,0
0,0.093323134,0
0,0.0164841,0
0,0.006965323,0
0,0.026413893,0
0,0.15002927,0
0,0.055000253,0
0,0.116260394,0
0,0.08751276,0
0,0.027245302,0
0,0.009576905,0
0,0.006870669,0
0,0.032921646,0
0,0.020784322,0
0,0.04604732,0
0,0.02487968,0
0,0.07322196,0
0,0.26901466,0
0,0.010993577,0
0,0.033787575,0
0,0.021437636,0
0,0.04001411,0
0,0.047343794,0
0,0.5530731,1
0,0.13460033,0
1,0.0091787465,0
0,0.31397155,0
0,0.009284868,0
0,0.010279265,0
0,0.03666914,0
0,0.027319945,0
0,0.014723702,0
0,0.008832189,0
0,0.038305018,0
0,0.017042194,0
0,0.3381916,0
0,0.6390043,1
0,0.011465203,0
0,0.012464737,0
0,0.105147704,0
0,0.04977918,0
0,0.074184984,0
0,0.0092592165,0
0,0.13578159,0
0,0.012035191,0
0,0.026008429,0
0,0.013757543,0
0,0.026772514,0
0,0.03156352,0
0,0.23757078,0
0,0.047627944,0
0,0.007197035,0
0,0.008727042,0
0,0.018682688,0
0,0.0065319524,0
0,0.026131012,0
0,0.08590776,0
0,0.0073341248,0
0,0.010354657,0
0,0.023119641,0
0,0.020032188,0
0,0.031516697,0
0,0.019084493,0
0,0.03635421,0
0,0.019144885,0
0,0.19759902,0
0,0.78335303,1
1,0.64733905,1
0,0.038948648,0
0,0.021463234,0
0,0.029503407,0
0,0.09661969,0
0,0.03187351,0
0,0.00803624,0
0,0.023674235,0
0,0.057520933,0
0,0.018371323,0
0,0.09301626,0
0,0.041144434,0
0,0.020809835,0
0,0.16455679,0
0,0.02627652,0
0,0.1878021,0
0,0.049264956,0
0,0.010155417,0
0,0.04497931,0
0,0.01017858,0
0,0.13646306,0
0,0.0059931846,0
0,0.03721019,0
0,0.025183419,0
0,0.027973212,0
0,0.011803822,0
0,0.03696611,0
0,0.062307045,0
0,0.02467442,0
0,0.038688906,0
0,0.021094263,0
0,0.010602414,0
0,0.033762243,0
0,0.009105102,0
0,0.04428961,0
0,0.12923032,0
0,0.017201683,0
0,0.016816359,0
0,0.025913557,0
1,0.83315444,1
0,0.03134109,0
0,0.012835683,0
0,0.03639493,0
0,0.04133885,0
1,0.7599185,1
0,0.0077109197,0
0,0.013983139,0
0,0.051109668,0
0,0.29169884,0
0,0.02953301,0
0,0.017247021,0
0,0.05135429,0
0,0.07204536,0
0,0.0247036,0
0,0.029087465,0
1,0.2530469,0
0,0.011672165,0
0,0.016283555,0
0,0.007699544,0
0,0.24076718,0
0,0.029072877,0
0,0.019002546,0
0,0.020289741,0
0,0.022895226,0
0,0.051692523,0
0,0.01919807,0
0,0.010056906,0
0,0.010116292,0
0,0.03216985,0
0,0.025920864,0
0,0.09821977,0
0,0.016672364,0
0,0.07135756,0
0,0.500252,1
0,0.069071546,0
0,0.096858285,0
0,0.017275104,0
0,0.025546627,0
0,0.017949298,0
0,0.01776321,0
0,0.039741926,0
1,0.33071858,0
0,0.010107247,0
0,0.01167287,0
0,0.01888485,0
0,0.116541035,0
0,0.0053328206,0
0,0.012530504,0
0,0.013669302,0
0,0.021798978,0
0,0.03552286,0
0,0.01012286,0
0,0.1003821,0
0,0.026466114,0
0,0.092721865,0
0,0.027379567,0
0,0.013190347,0
0,0.14932807,0
0,0.13282056,0
0,0.006798291,0
0,0.13657753,0
0,0.018168751,0
0,0.043449275,0
0,0.028722072,0
0,0.017975096,0
0,0.01647244,0
0,0.01285905,0
0,0.031982634,0
0,0.01936668,0
0,0.018312598,0
0,0.014460073,0
0,0.01001898,0
0,0.09772685,0
0,0.022238877,0
0,0.029114673,0
0,0.0077558747,0
0,0.00885173,0
0,0.038633045,0
0,0.0091881445,0
0,0.02717601,0
0,0.013741395,0
0,0.054173294,0
0,0.010648592,0
0,0.0217629,0
0,0.058292877,0
0,0.37309188,0
0,0.06297452,0
0,0.010025191,0
0,0.009983636,0
0,0.008041387,0
0,0.07124449,0
0,0.007232935,0
0,0.024396949,0
0,0.038941346,0
0,0.02317134,0
0,0.06011531,0
0,0.013254815,0
0,0.012074524,0
0,0.009002412,0
0,0.026977627,0
0,0.027921204,0
0,0.15782435,0
1,0.12054169,0
0,0.010118465,0
0,0.17462185,0
0,0.009061513,0
0,0.11994484,0
0,0.050392672,0
0,0.015999272,0
0,0.020421088,0
0,0.023466745,0
0,0.006228286,0
0,0.026612902,0
0,0.0243283,0
0,0.012834445,0
0,0.010896935,0
0,0.01079551,0
0,0.018047677,0
0,0.02666699,0
0,0.043545317,0
0,0.025193008,0
0,0.007894356,0
0,0.037713654,0
0,0.06246491,0
0,0.027341582,0
0,0.023007877,0
0,0.011164799,0
0,0.010122711,0
0,0.070721045,0
0,0.2111898,0
0,0.027023403,0
0,0.009000157,0
0,0.03098699,0
0,0.033342727,0
0,0.008260437,0
0,0.00691162,0
0,0.14942135,0
0,0.018168487,0
0,0.0064886506,0
0,0.033451825,0
0,0.03391104,0
0,0.017301481,0
0,0.11186431,0
0,0.0135553,0
0,0.010766605,0
0,0.025969947,0
0,0.015356269,0
0,0.014493537,0
0,0.043227807,0
0,0.024390018,0
0,0.065333195,0
0,0.10204322,0
0,0.013404291,0
0,0.011231882,0
0,0.010590576,0
0,0.015984984,0
0,0.526484,1
0,0.040563956,0
0,0.4677861,0
0,0.01877343,0
0,0.0071441894,0
0,0.016986774,0
0,0.040604807,0
0,0.017373955,0
0,0.010466789,0
0,0.026997145,0
0,0.010174748,0
0,0.007848719,0
0,0.024418382,0
0,0.024944521,0
0,0.00932693,0
0,0.059251677,0
0,0.024753295,0
0,0.024614885,0
0,0.024778701,0
0,0.020413416,0
0,0.01194816,0
0,0.00709585,0
0,0.009664428,0
0,0.67378813,1
0,0.008822444,0
0,0.013492423,0
0,0.008307784,0
0,0.01481083,0
0,0.027417155,0
0,0.024267342,0
0,0.05684189,0
0,0.03806155,0
0,0.010755027,0
0,0.026420262,0
0,0.035248753,0
1,0.6746004,1
0,0.021533,0
0,0.019134818,0
0,0.027518744,0
0,0.0094636595,0
0,0.025582515,0
0,0.031428687,0
0,0.01724374,0
0,0.23245052,0
0,0.027040068,0
0,0.010994837,0
0,0.026403544,0
0,0.047595046,0
0,0.01406604,0
0,0.008676044,0
0,0.31043658,0
0,0.017620824,0
0,0.43289018,0
0,0.04174545,0
0,0.006870373,0
0,0.009498463,0
0,0.006538862,0
0,0.014814533,0
0,0.27321598,0
0,0.06465291,0
0,0.01997659,0
0,0.01780163,0
0,0.013981587,0
0,0.030290568,0
0,0.011434368,0
0,0.012821926,0
0,0.007226032,0
0,0.011517325,0
0,0.01768504,0
0,0.009997568,0
1,0.33111385,0
0,0.019851292,0
0,0.026124204,0
0,0.07130743,0
0,0.054476462,0
0,0.008419233,0
1,0.4923544,0
0,0.074689366,0
0,0.025090273,0
0,0.012355578,0
0,0.062378183,0
0,0.18454193,0
1,0.30218762,0
0,0.777092,1
0,0.096890226,0
0,0.009494148,0
0,0.018056493,0
0,0.026832039,0
0,0.01747838,0
0,0.014004008,0
0,0.02307283,0
0,0.0076983417,0
0,0.019012958,0
0,0.04443408,0
0,0.008887478,0
0,0.023856781,0
0,0.013597343,0
0,0.027124355,0
0,0.014086271,0
0,0.011731917,0
0,0.46247882,0
0,0.019623848,0
0,0.03400313,0
0,0.024842294,0
0,0.2226484,0
0,0.075524814,0
0,0.17164122,0
0,0.009432275,0
0,0.022786975,0
0,0.03172812,0
0,0.020735512,0
0,0.012298563,0
0,0.007952171,0
0,0.019959798,0
0,0.00956191,0
0,0.008301658,0
0,0.008886394,0
0,0.008979083,0
0,0.019402593,0
0,0.0104310885,0
0,0.011977497,0
0,0.6927872,1
0,0.10429913,0
0,0.013568364,0
0,0.0279625,0
0,0.016169712,0
0,0.009826042,0
0,0.080031626,0
0,0.014371411,0
0,0.0150461625,0
0,0.16572961,0
0,0.010454149,0
0,0.018217724,0
0,0.028889725,0
0,0.040358216,0
0,0.04892381,0
0,0.012063392,0
0,0.5835038,1
0,0.0073262663,0
0,0.0146572,0
0,0.01179626,0
0,0.0131090265,0
0,0.07119778,0
0,0.017132401,0
0,0.012396487,0
0,0.20369029,0
0,0.0248113,0
0,0.026213055,0
0,0.015462935,0
0,0.0360001,0
0,0.01055353,0
0,0.021652844,0
0,0.015426428,0
0,0.023257215,0
0,0.02574685,0
0,0.034734868,0
0,0.012722433,0
0,0.0071825786,0
0,0.019124905,0
0,0.009848643,0
0,0.022607177,0
0,0.011638352,0
0,0.028848428,0
0,0.015099316,0
0,0.057198193,0
0,0.12035049,0
0,0.15257601,0
0,0.01698825,0
0,0.03685451,0
0,0.033597894,0
0,0.008660002,0
0,0.016000625,0
0,0.020837884,0
0,0.010971224,0
0,0.013593385,0
0,0.12035374,0
0,0.018138574,0
0,0.014056965,0
0,0.030218974,0
0,0.037826024,0
0,0.00829563,0
0,0.021703823,0
0,0.0062663034,0
0,0.10628793,0
0,0.027148897,0
1,0.007335215,0
0,0.027132995,0
0,0.006860993,0
0,0.021432845,0
0,0.009090143,0
0,0.026147056,0
0,0.009513976,0
0,0.009257686,0
0,0.018510552,0
0,0.047991775,0
0,0.80446625,1
0,0.031507745,0
0,0.051051036,0
0,0.011425887,0
0,0.13149887,0
0,0.03763828,0
0,0.040451664,0
0,0.06905212,0
0,0.2873942,0
0,0.014676972,0
0,0.008772912,0
0,0.009516299,0
0,0.012544383,0
0,0.05921398,0
0,0.011288181,0
0,0.012762138,0
0,0.016949765,0
0,0.6391672,1
0,0.15136364,0
1,0.037327066,0
0,0.01593182,0
0,0.03283897,0
0,0.01836243,0
0,0.010353996,0
0,0.018948352,0
0,0.0077999565,0
0,0.019470053,0
0,0.008526761,0
0,0.042600453,0
0,0.027953962,0
0,0.0070673344,0
0,0.11050443,0
0,0.020019718,0
0,0.007856513,0
0,0.017910441,0
0,0.01132227,0
0,0.20543636,0
0,0.016887303,0
0,0.44792545,0
0,0.03233435,0
0,0.20908801,0
0,0.009205447,0
0,0.09558628,0
0,0.10273025,0
0,0.028368687,0
0,0.00910047,0
0,0.024241392,0
0,0.15984122,0
0,0.059992746,0
1,0.2666574,0
0,0.01816061,0
0,0.034591917,0
0,0.00881021,0
0,0.061121,0
1,0.28920192,0
0,0.00969238,0
0,0.026713856,0
0,0.01467325,0
0,0.017691968,0
0,0.02598393,0
0,0.20419805,0
0,0.012066471,0
0,0.027249033,0
0,0.0116754165,0
0,0.03417507,0
0,0.022918606,0
0,0.008038756,0
0,0.07658445,0
0,0.0356545,0
0,0.028561598,0
1,0.2720436,0
0,0.010391628,0
0,0.008631165,0
0,0.017864997,0
0,0.033235125,0
0,0.010268975,0
0,0.015492682,0
0,0.032838106,0
0,0.017647712,0
0,0.028157765,0
0,0.008826523,0
0,0.00687546,0
0,0.33072802,0
0,0.029396161,0
0,0.03156693,0
0,0.115828656,0
0,0.00884649,0
0,0.058294386,0
0,0.0116362665,0
0,0.016863672,0
0,0.054620475,0
0,0.18243687,0
0,0.010166788,0
0,0.50706947,1
0,0.028710656,0
0,0.0073284176,0
0,0.022339331,0
0,0.0264708,0
0,0.013103167,0
0,0.010439017,0
0,0.0071449806,0
0,0.021459615,0
0,0.03404172,0
0,0.024749463,0
0,0.11081857,0
0,0.028089873,0
0,0.07010642,0
0,0.03062123,0
0,0.0143408235,0
0,0.023389596,0
0,0.15085343,0
0,0.025307165,0
0,0.019338692,0
0,0.070213206,0
0,0.015371454,0
0,0.114787966,0
1,0.013840642,0
0,0.026991675,0
0,0.013698617,0
0,0.030233443,0
0,0.006862468,0
0,0.01662851,0
0,0.09965249,0
0,0.014535436,0
0,0.0506427,0
0,0.1052356,0
0,0.64503,1
0,0.05074079,0
0,0.04468962,0
0,0.02254305,0
0,0.027206523,0
0,0.01958569,0
0,0.008481794,0
0,0.010389093,0
0,0.017107602,0
0,0.007121827,0
0,0.20529445,0
0,0.007894195,0
0,0.08046781,0
0,0.028216247,0
0,0.03251959,0
0,0.32678702,0
0,0.010917409,0
0,0.034512393,0
0,0.051288817,0
1,0.17169146,0
0,0.022349445,0
0,0.011306071,0
0,0.06359841,0
0,0.017156154,0
0,0.5446742,1
0,0.03929344,0
0,0.01775525,0
0,0.0068239486,0
0,0.07967205,0
0,0.0190852,0
0,0.015754795,0
0,0.09002482,0
0,0.09343232,0
0,0.024755737,0
0,0.013117444,0
0,0.037248123,0
0,0.011055934,0
0,0.01876897,0
0,0.2120178,0
0,0.0068869656,0
0,0.028094899,0
0,0.030966684,0
0,0.015124838,0
0,0.017855285,0
0,0.062157426,0
0,0.021494081,0
0,0.08975233,0
0,0.016695416,0
0,0.0076150284,0
0,0.08903811,0
0,0.025513768,0
0,0.014182916,0
0,0.0147851985,0
0,0.3067068,0
0,0.040398646,0
0,0.026025102,0
0,0.02057244,0
0,0.0069518653,0
0,0.02461197,0
0,0.033089288,0
0,0.031257655,0
0,0.21355514,0
0,0.013430106,0
0,0.018155226,0
0,0.27277035,0
0,0.03648934,0
0,0.041819178,0
0,0.008513581,0
0,0.0074984273,0
0,0.4392814,0
0,0.011854959,0
0,0.04845889,0
0,0.013217547,0
0,0.011096382,0
0,0.013683253,0
0,0.019767173,0
0,0.34006506,0
0,0.018651139,0
0,0.007413519,0
0,0.008902267,0
0,0.022047743,0
0,0.020868836,0
0,0.020377718,0
0,0.33161947,0
0,0.05382943,0
0,0.047439773,0
0,0.01872872,0
0,0.16748805,0
0,0.030164454,0
0,0.015726086,0
0,0.036787983,0
0,0.026911743,0
0,0.25826672,0
0,0.00956574,0
0,0.010719901,0
0,0.013954004,0
0,0.03216472,0
0,0.012764018,0
1,0.86393845,1
0,0.008127837,0
0,0.048309404,0
0,0.01623364,0
0,0.034609366,0
0,0.07493009,0
0,0.027786529,0
0,0.025491562,0
0,0.009846011,0
0,0.024208862,0
0,0.031912185,0
0,0.009271276,0
0,0.29344398,0
0,0.0320405,0
1,0.16868217,0
0,0.024545738,0
0,0.015534172,0
0,0.025254747,0
0,0.009842009,0
0,0.01274718,0
0,0.037449934,0
0,0.0134212505,0
0,0.020927498,0
0,0.02915403,0
0,0.015590422,0
0,0.011846472,0
0,0.026525445,0
0,0.15332682,0
0,0.015191317,0
0,0.040752485,0
0,0.015442332,0
0,0.17920256,0
0,0.010804685,0
0,0.0064740903,0
0,0.013065441,0
0,0.008843797,0
0,0.05877522,0
0,0.043060914,0
0,0.055291645,0
0,0.008753374,0
0,0.016434412,0
0,0.04028041,0
1,0.4470793,0
0,0.012711046,0
0,0.007969969,0
0,0.03105783,0
0,0.079614766,0
0,0.010831418,0
0,0.012547673,0
0,0.007709949,0
0,0.0069060423,0
0,0.0301171,0
0,0.013324226,0
0,0.050632197,0
0,0.026561877,0
0,0.012311601,0
0,0.045477938,0
0,0.009910371,0
0,0.010065302,0
0,0.054327812,0
0,0.04490534,0
0,0.1414593,0
0,0.15705846,0
0,0.032618653,0
0,0.023788067,0
0,0.63818705,1
0,0.008480968,0
0,0.0108259935,0
0,0.012610325,0
0,0.033184703,0
0,0.029451974,0
0,0.023959571,0
0,0.016707735,0
0,0.0100311,0
0,0.008978985,0
0,0.029109322,0
0,0.03636762,0
0,0.05407625,0
0,0.033660054,0
0,0.037433285,0
0,0.088198945,0
0,0.079530954,0
0,0.0390892,0
0,0.009085046,0
0,0.0075948527,0
0,0.020165274,0
0,0.027877692,0
0,0.012528971,0
0,0.008153456,0
0,0.01330579,0
0,0.030869277,0
0,0.039759636,0
0,0.013220805,0
0,0.04247451,0
0,0.046017196,0
0,0.09961752,0
0,0.13100244,0
0,0.12212196,0
0,0.031210821,0
0,0.267765,0
1,0.65816396,1
0,0.010567098,0
0,0.019380452,0
0,0.013508528,0
0,0.026919585,0
0,0.01807317,0
0,0.26712134,0
0,0.036477774,0
0,0.0057431166,0
0,0.03652984,0
0,0.19248894,0
0,0.067590974,0
0,0.024797387,0
0,0.027546389,0
0,0.011092489,0
0,0.70077974,1
0,0.067464985,0
0,0.012758995,0
0,0.032937028,0
0,0.0118556395,0
0,0.010288567,0
0,0.017022602,0
0,0.010202272,0
0,0.0069879983,0
0,0.03575403,0
0,0.61328346,1
0,0.042392332,0
0,0.3268847,0
0,0.03668201,0
0,0.0164684,0
0,0.028280983,0
0,0.031460114,0
0,0.010561366,0
0,0.26246086,0
0,0.15126733,0
0,0.05071664,0
0,0.011262451,0
0,0.026795978,0
0,0.007419522,0
0,0.037453838,0
0,0.030883744,0
1,0.6050474,1
0,0.007923966,0
0,0.032055553,0
0,0.030233586,0
0,0.2146772,0
0,0.018565157,0
0,0.090974234,0
0,0.051906023,0
0,0.047541384,0
0,0.014906937,0
0,0.05729421,0
0,0.0794704,0
0,0.008413586,0
0,0.015069881,0
0,0.034984943,0
0,0.039945554,0
0,0.012725991,0
0,0.027053893,0
0,0.035083614,0
0,0.026451707,0
0,0.020551689,0
0,0.040282033,0
0,0.07324036,0
0,0.008448451,0
0,0.15654624,0
0,0.020869704,0
0,0.025446998,0
0,0.021027144,0
0,0.039687462,0
0,0.006172934,0
0,0.0391503,0
0,0.07224952,0
0,0.019465374,0
0,0.05240012,0
0,0.2076885,0
0,0.03346895,0
0,0.034005903,0
0,0.40509585,0
0,0.3385629,0
0,0.016786655,0
0,0.013211572,0
0,0.014487109,0
0,0.045572568,0
0,0.011166037,0
0,0.014386163,0
0,0.01332962,0
0,0.06745613,0
0,0.17398624,0
0,0.0077239373,0
0,0.017204527,0
0,0.01596097,0
0,0.010500263,0
0,0.010057343,0
0,0.008883468,0
0,0.18853284,0
0,0.23172769,0
0,0.011706088,0
0,0.022606285,0
0,0.035427835,0
0,0.020976664,0
0,0.011731768,0
0,0.01209475,0
0,0.026549736,0
1,0.8059086,1
0,0.23252146,0
0,0.014853341,0
1,0.38334477,0
0,0.014973667,0
0,0.025908696,0
0,0.01052853,0
0,0.017757986,0
0,0.020501113,0
0,0.020653384,0
0,0.060461774,0
0,0.009470577,0
0,0.03824384,0
0,0.1509406,0
0,0.025977416,0
0,0.0842423,0
0,0.030641267,0
0,0.042787965,0
0,0.029065225,0
0,0.26381296,0
0,0.016166784,0
0,0.013915597,0
0,0.1302667,0
0,0.013761075,0
0,0.0075612585,0
1,0.8736985,1
0,0.018534807,0
0,0.013516448,0
1,0.82120794,1
0,0.017246898,0
0,0.30079007,0
0,0.3700695,0
0,0.026114907,0
0,0.18599442,0
0,0.009995709,0
0,0.024727566,0
0,0.035874296,0
0,0.030691544,0
1,0.7869829,1
0,0.13904235,0
0,0.012844767,0
0,0.012784741,0
0,0.016458694,0
0,0.034536563,0
0,0.007815053,0
0,0.048886303,0
1,0.4913097,0
0,0.057911545,0
0,0.009475835,0
0,0.070817284,0
0,0.014811269,0
0,0.08404843,0
0,0.05965504,0
0,0.043503035,0
0,0.13593452,0
0,0.01255979,0
0,0.008952002,0
0,0.019414872,0
0,0.010429109,0
0,0.010331682,0
0,0.009255858,0
1,0.089056194,0
0,0.027616221,0
0,0.015420525,0
0,0.020877143,0
0,0.12244696,0
0,0.16087183,0
0,0.035985406,0
0,0.035148155,0
0,0.08663945,0
0,0.038123786,0
0,0.020102283,0
0,0.017134361,0
0,0.035116836,0
0,0.06857598,0
0,0.0110222995,0
1,0.65805286,1
0,0.02734956,0
0,0.07553072,0
0,0.063382305,0
0,0.0113613065,0
0,0.011641034,0
1,0.17639726,0
0,0.015281508,0
0,0.05722255,0
0,0.020915832,0
0,0.01598407,0
0,0.008584758,0
0,0.010898184,0
0,0.00817842,0
0,0.006762237,0
0,0.01060987,0
0,0.018553257,0
0,0.022415543,0
0,0.015385569,0
0,0.008476313,0
0,0.4279549,0
0,0.028452957,0
0,0.055726554,0
0,0.018824976,0
0,0.009950331,0
0,0.020744238,0
0,0.012184631,0
0,0.024937019,0
0,0.020172343,0
0,0.018333277,0
0,0.028728692,0
0,0.023590913,0
0,0.19113664,0
0,0.50212836,1
0,0.017782522,0
0,0.024573768,0
0,0.022909515,0
0,0.06130588,0
0,0.0074666413,0
0,0.011612589,0
0,0.06151833,0
0,0.045377817,0
0,0.018292934,0
0,0.007962048,0
0,0.024426868,0
0,0.019611144,0
0,0.030536221,0
0,0.031472996,0
0,0.2955345,0
0,0.060523182,0
0,0.014798944,0
0,0.009729629,0
0,0.038030714,0
0,0.011933905,0
0,0.009821979,0
0,0.04379373,0
0,0.011490463,0
0,0.040595073,0
0,0.00860113,0
0,0.025994388,0
0,0.01894816,0
0,0.019224754,0
0,0.01295539,0
0,0.62429917,1
0,0.013576012,0
0,0.7092381,1
0,0.014976686,0
0,0.01876679,0
0,0.15380175,0
0,0.06071692,0
0,0.026299674,0
0,0.66831464,1
0,0.011077117,0
0,0.007883499,0
0,0.03111442,0
0,0.0108412,0
0,0.050966416,0
0,0.04806314,0
0,0.022160986,0
0,0.29448548,0
0,0.11526341,0
0,0.019587241,0
0,0.01218435,0
0,0.154237,0
0,0.012509317,0
0,0.016809737,0
0,0.014461894,0
0,0.04310828,0
0,0.03344992,0
0,0.011997969,0
0,0.033647377,0
0,0.019965041,0
0,0.009297368,0
0,0.05511837,0
0,0.031463772,0
0,0.38071206,0
0,0.00885794,0
0,0.08029501,0
0,0.04652952,0
0,0.009908621,0
0,0.025225323,0
0,0.01760952,0
0,0.027756877,0
0,0.07377759,0
0,0.1315777,0
0,0.07257689,0
0,0.0451885,0
0,0.010867562,0
0,0.008751128,0
0,0.06069632,0
0,0.016334007,0
0,0.15065783,0
0,0.021403337,0
0,0.04846946,0
0,0.01215772,0
0,0.025242109,0
0,0.028818332,0
0,0.011122229,0
0,0.07056213,0
0,0.025996951,0
0,0.111810476,0
0,0.19598068,0
0,0.08004736,0
0,0.026174342,0
0,0.04217467,0
0,0.008055275,0
0,0.017009506,0
1,0.13683131,0
0,0.013236767,0
0,0.08605681,0
0,0.025553903,0
0,0.02649091,0
0,0.0127764745,0
0,0.022117775,0
0,0.010934779,0
0,0.018275,0
0,0.02780601,0
0,0.0667047,0
0,0.013179178,0
0,0.10830205,0
0,0.015427492,0
0,0.13403209,0
0,0.011272529,0
0,0.11683634,0
0,0.1711102,0
0,0.16238137,0
0,0.009137736,0
0,0.1138498,0
0,0.120571464,0
0,0.022913793,0
0,0.011203269,0
0,0.01660519,0
0,0.006976809,0
0,0.0115897115,0
0,0.41324088,0
0,0.013199075,0
0,0.009345188,0
0,0.27957886,0
0,0.040164605,0
0,0.01769293,0
0,0.1648412,0
0,0.022300465,0
0,0.026034918,0
0,0.10411839,0
0,0.012283459,0
0,0.014594416,0
1,0.011831688,0
0,0.011549458,0
0,0.02266253,0
0,0.008654612,0
0,0.007524823,0
0,0.0074840123,0
0,0.008355944,0
0,0.015937658,0
0,0.13686442,0
0,0.024387605,0
0,0.18904197,0
0,0.021995205,0
0,0.13357894,0
0,0.032764897,0
0,0.014610871,0
0,0.01759903,0
0,0.012985101,0
0,0.1246988,0
0,0.013385871,0
0,0.02962609,0
0,0.0072691273,0
0,0.010769352,0
0,0.023391977,0
0,0.15588783,0
0,0.026306124,0
0,0.009234788,0
0,0.014899657,0
0,0.18801492,0
0,0.06323755,0
0,0.31901816,0
0,0.0070701623,0
0,0.017593632,0
0,0.028667655,0
0,0.023881469,0
0,0.014055681,0
0,0.036278512,0
0,0.086752504,0
0,0.1802857,0
0,0.13682826,0
0,0.013681942,0
0,0.06959267,0
0,0.012040442,0
0,0.01485288,0
0,0.009386918,0
0,0.014243387,0
0,0.032179452,0
0,0.034582835,0
0,0.011703517,0
0,0.088507965,0
1,0.080108,0
0,0.065589845,0
0,0.11533688,0
0,0.081460506,0
0,0.019032352,0
0,0.0071524302,0
0,0.016133668,0
0,0.010650822,0
0,0.011200368,0
0,0.32686225,0
0,0.12606815,0
0,0.16195993,0
0,0.015720988,0
0,0.009929178,0
0,0.014569662,0
0,0.04393227,0
0,0.016784726,0
0,0.02347493,0
0,0.14566398,0
0,0.02683047,0
0,0.03081208,0
0,0.013587082,0
0,0.03743311,0
0,0.015841048,0
0,0.009379609,0
0,0.080422506,0
0,0.03597889,0
0,0.029823825,0
0,0.01173441,0
0,0.009903463,0
0,0.034305416,0
0,0.07568974,0
0,0.032806963,0
0,0.029146755,0
0,0.011222021,0
0,0.013265509,0
1,0.608274,1
0,0.032358542,0
0,0.012146941,0
0,0.1197585,0
0,0.017666329,0
1,0.36665207,0
0,0.021275155,0
0,0.028464923,0
0,0.73197997,1
0,0.018263027,0
0,0.013489574,0
0,0.017661273,0
0,0.010759218,0
0,0.1336798,0
0,0.0086516095,0
0,0.017399233,0
0,0.01771273,0
0,0.022428636,0
0,0.30695134,0
0,0.09548176,0
0,0.24820629,0
0,0.013357371,0
0,0.06403119,0
0,0.13844404,0
0,0.076368645,0
0,0.11719043,0
0,0.010689189,0
0,0.019298328,0
0,0.020742137,0
0,0.020041369,0
0,0.014083569,0
0,0.010511435,0
0,0.006322969,0
0,0.0124144275,0
0,0.015412377,0
0,0.05715285,0
0,0.015108084,0
0,0.031451322,0
0,0.42838407,0
0,0.007501948,0
0,0.09407333,0
0,0.00848834,0
0,0.017985916,0
0,0.022666547,0
0,0.009409927,0
0,0.038415167,0
0,0.025305837,0
0,0.15744264,0
0,0.032420605,0
0,0.02147442,0
0,0.0074743275,0
0,0.3397095,0
0,0.008277319,0
0,0.024316013,0
0,0.011754589,0
0,0.014243962,0
0,0.04911099,0
0,0.012995782,0
0,0.29739204,0
0,0.0062502916,0
0,0.008966965,0
0,0.012667568,0
0,0.007839653,0
0,0.020214448,0
0,0.27479744,0
0,0.0149186915,0
0,0.04873008,0
0,0.006912251,0
0,0.02545424,0
0,0.044910938,0
0,0.07506466,0
0,0.07742196,0
0,0.013079762,0
0,0.025252234,0
0,0.12797175,0
0,0.009124922,0
0,0.014528321,0
0,0.0074551725,0
0,0.066225454,0
0,0.016195599,0
0,0.006044384,0
0,0.0066713383,0
0,0.022951191,0
0,0.014224498,0
0,0.010084068,0
0,0.025439743,0
0,0.01124763,0
0,0.030812124,0
0,0.021155411,0
0,0.017501462,0
0,0.045143824,0
0,0.0073730564,0
0,0.03438965,0
0,0.06878819,0
0,0.30773133,0
0,0.018348454,0
0,0.06773226,0
0,0.01143521,0
0,0.0114198355,0
0,0.06280077,0
1,0.080719195,0
1,0.92302233,1
0,0.03532303,0
0,0.015534456,0
1,0.9197255,1
0,0.0628902,0
0,0.03299879,0
0,0.011547678,0
0,0.010100008,0
0,0.09662352,0
0,0.024410866,0
0,0.020615514,0
0,0.021156056,0
0,0.025059527,0
0,0.049824137,0
0,0.008363459,0
0,0.028008236,0
0,0.061719425,0
0,0.018580072,0
0,0.010248342,0
0,0.27454874,0
0,0.033907566,0
0,0.03503577,0
0,0.014103407,0
0,0.36137462,0
0,0.063605696,0
0,0.010101682,0
0,0.031054748,0
0,0.022044607,0
0,0.075090386,0
0,0.0270602,0
0,0.025524108,0
0,0.011636613,0
0,0.048772283,0
0,0.0358257,0
0,0.08727841,0
0,0.010778379,0
0,0.01874587,0
0,0.05274248,0
0,0.00803199,0
0,0.23013236,0
0,0.012325171,0
0,0.18990397,0
0,0.027640207,0
0,0.09907606,0
0,0.21648692,0
0,0.14077047,0
0,0.0070051714,0
0,0.007201223,0
0,0.009391104,0
0,0.013185221,0
0,0.030060597,0
0,0.22697099,0
0,0.010595164,0
0,0.016445238,0
0,0.06791025,0
0,0.115909606,0
0,0.010660861,0
0,0.008319161,0
0,0.096655235,0
0,0.079418726,0
0,0.0154888015,0
0,0.0115627535,0
0,0.007788146,0
0,0.19714572,0
0,0.022634827,0
0,0.02092756,0
1,0.568488,1
0,0.04414872,0
0,0.2196698,0
0,0.009794174,0
0,0.037362136,0
0,0.05483648,0
0,0.1004778,0
0,0.013228049,0
0,0.1694903,0
0,0.024183325,0
0,0.022034181,0
0,0.026303876,0
0,0.061382737,0
0,0.24612929,0
0,0.010032851,0
0,0.008476662,0
0,0.049208336,0
0,0.023357382,0
0,0.010374176,0
0,0.02553265,0
0,0.05405643,0
0,0.014940236,0
0,0.034631893,0
0,0.020169014,0
0,0.19201557,0
0,0.024009148,0
0,0.007211566,0
0,0.17117445,0
1,0.010151904,0
0,0.032234713,0
0,0.062436942,0
0,0.07466056,0
0,0.018054163,0
0,0.007338271,0
0,0.022256687,0
0,0.025301343,0
1,0.50052786,1
1,0.5181956,1
0,0.012359687,0
0,0.006832838,0
0,0.009975599,0
0,0.02426568,0
0,0.02960061,0
0,0.013869034,0
0,0.009225818,0
0,0.015872182,0
0,0.019069685,0
0,0.008410007,0
0,0.44440442,0
0,0.01746953,0
0,0.02207802,0
0,0.08144528,0
0,0.016741572,0
0,0.03302174,0
0,0.019914098,0
0,0.03272562,0
0,0.008357936,0
0,0.024827223,0
0,0.045822993,0
0,0.008060115,0
0,0.021143116,0
1,0.058889825,0
0,0.012191342,0
0,0.0103883045,0
0,0.1376166,0
0,0.012692222,0
0,0.025963278,0
0,0.008087753,0
0,0.012001067,0
0,0.014945535,0
0,0.025352288,0
0,0.13783509,0
0,0.050010536,0
0,0.051037695,0
0,0.010649607,0
0,0.018231107,0
0,0.15735604,0
0,0.009782676,0
0,0.018914828,0
0,0.042232353,0
0,0.0075196684,0
0,0.045202594,0
0,0.018248424,0
0,0.13890582,0
0,0.014861672,0
0,0.021669932,0
0,0.076870136,0
0,0.06494162,0
0,0.018954156,0
0,0.026112558,0
0,0.034408867,0
0,0.012357214,0
0,0.028915275,0
0,0.024298267,0
0,0.119383626,0
0,0.008761939,0
0,0.4763493,0
0,0.03436236,0
0,0.011157211,0
0,0.0077975476,0
0,0.39936638,0
0,0.0083448095,0
0,0.016049512,0
0,0.16171332,0
0,0.04876117,0
0,0.033658065,0
0,0.010354588,0
0,0.014672579,0
1,0.73409176,1
0,0.023303969,0
0,0.01806866,0
0,0.0073261275,0
0,0.043128487,0
0,0.022067362,0
0,0.009394853,0
0,0.017975584,0
0,0.013033279,0
0,0.20521446,0
0,0.040423904,0
0,0.009784024,0
0,0.032076538,0
0,0.006035968,0
0,0.030727854,0
0,0.045059573,0
0,0.01137634,0
0,0.008584422,0
0,0.010577339,0
0,0.009380172,0
0,0.037506364,0
0,0.014216578,0
0,0.011229795,0
0,0.048168965,0
0,0.010120328,0
0,0.216746,0
0,0.04802537,0
0,0.014951475,0
0,0.028592797,0
0,0.027835159,0
0,0.02773852,0
0,0.015364158,0
0,0.008191094,0
0,0.012764932,0
0,0.0067830924,0
0,0.015196868,0
0,0.009326014,0
0,0.014714132,0
0,0.026521116,0
0,0.031444345,0
0,0.008384369,0
0,0.088368684,0
0,0.0066476245,0
0,0.09825548,0
0,0.13272761,0
0,0.007166177,0
0,0.03421525,0
0,0.006999323,0
0,0.007121516,0
0,0.017412534,0
0,0.017305471,0
0,0.026743801,0
0,0.007710073,0
0,0.03690854,0
0,0.05423663,0
0,0.014918188,0
0,0.042248536,0
0,0.011531682,0
0,0.019992232,0
0,0.053699236,0
0,0.020317363,0
0,0.009593618,0
0,0.012064317,0
0,0.023252416,0
0,0.011290522,0
0,0.01060386,0
0,0.51419914,1
0,0.014009606,0
0,0.014514038,0
0,0.0071825106,0
0,0.0063157654,0
0,0.02221992,0
0,0.04466525,0
0,0.26546633,0
0,0.11274152,0
0,0.024226299,0
0,0.18260163,0
0,0.73670226,1
0,0.014411513,0
0,0.03366336,0
0,0.011313786,0
0,0.104315005,0
0,0.008874765,0
0,0.012923113,0
0,0.011850401,0
0,0.010108812,0
0,0.017551498,0
0,0.028471531,0
0,0.02599599,0
0,0.009886197,0
0,0.5635561,1
0,0.009689181,0
0,0.014079703,0
0,0.010131545,0
0,0.017358169,0
0,0.047945034,0
0,0.01665483,0
0,0.01562776,0
0,0.2032412,0
0,0.029896047,0
0,0.23585947,0
0,0.09027591,0
0,0.041248973,0
0,0.012583207,0
0,0.047980912,0
0,0.14963078,0
0,0.0149038015,0
0,0.021164313,0
0,0.016305873,0
0,0.03816161,0
0,0.0106737735,0
0,0.013983692,0
0,0.054681383,0
0,0.022613386,0
0,0.0871557,0
0,0.026883263,0
0,0.02344455,0
0,0.37580848,0
0,0.01898289,0
0,0.057891518,0
0,0.03918747,0
0,0.009613388,0
0,0.011624893,0
0,0.015697533,0
0,0.019403065,0
0,0.06864948,0
0,0.023243424,0
0,0.012406212,0
0,0.1047074,0
0,0.010177465,0
1,0.013918241,0
0,0.0064565674,0
0,0.05013894,0
0,0.06555621,0
0,0.008819893,0
0,0.039284226,0
0,0.014814922,0
0,0.04024835,0
0,0.04338339,0
0,0.01165417,0
0,0.049674172,0
0,0.035628032,0
0,0.07172741,0
0,0.0080919545,0
0,0.08569706,0
0,0.22161686,0
0,0.009649343,0
0,0.011757657,0
0,0.016988846,0
0,0.027104866,0
0,0.02331986,0
0,0.039154187,0
0,0.023952676,0
0,0.057033278,0
0,0.0066277566,0
0,0.010743206,0
0,0.04604377,0
0,0.007634309,0
0,0.008659425,0
0,0.009917139,0
0,0.008132248,0
0,0.012871476,0
0,0.026287738,0
0,0.007226347,0
0,0.01165338,0
0,0.08384913,0
0,0.0124729965,0
0,0.022702051,0
0,0.03634705,0
0,0.01177569,0
0,0.25077856,0
1,0.8449126,1
0,0.0149331065,0
0,0.009513504,0
0,0.021083158,0
0,0.09846132,0
0,0.1845496,0
0,0.04466455,0
0,0.012881574,0
0,0.03106478,0
0,0.029844888,0
0,0.076073304,0
0,0.090987794,0
0,0.019257104,0
0,0.01661903,0
0,0.016094469,0
0,0.011848208,0
0,0.013277098,0
0,0.010428372,0
0,0.050051037,0
0,0.009581991,0
0,0.10313769,0
0,0.036841918,0
0,0.010683743,0
0,0.12430038,0
0,0.53803295,1
0,0.014075739,0
0,0.007970805,0
0,0.023817716,0
0,0.021025585,0
0,0.0059721554,0
0,0.009626039,0
1,0.5463664,1
0,0.019706145,0
0,0.006346345,0
0,0.028863663,0
0,0.029158013,0
0,0.028645147,0
0,0.008360743,0
0,0.025611535,0
0,0.020112427,0
0,0.014010653,0
0,0.009289974,0
0,0.021067379,0
0,0.03937519,0
0,0.10442465,0
0,0.049464907,0
0,0.049025174,0
0,0.01796705,0
0,0.012546102,0
0,0.009954543,0
0,0.084978595,0
0,0.031812046,0
0,0.013891681,0
0,0.19567174,0
0,0.013183645,0
0,0.45393214,0
0,0.012699842,0
0,0.037523333,0
0,0.019145645,0
1,0.038292337,0
0,0.032012023,0
0,0.027713504,0
0,0.0068438584,0
0,0.021504002,0
0,0.024371574,0
0,0.013224347,0
0,0.01345464,0
0,0.01855196,0
0,0.008663314,0
0,0.019219233,0
0,0.014709361,0
0,0.1869328,0
0,0.010716245,0
0,0.87920153,1
0,0.011084546,0
0,0.00803275,0
0,0.009151536,0
0,0.7415981,1
0,0.012344982,0
0,0.026130961,0
0,0.021906132,0
0,0.015657011,0
0,0.011423686,0
0,0.18275636,0
0,0.03334797,0
0,0.0103477845,0
0,0.018745447,0
0,0.0147820255,0
0,0.011966825,0
0,0.06272815,0
0,0.020928962,0
0,0.31190166,0
0,0.0329032,0
0,0.01570312,0
0,0.014832005,0
0,0.01062182,0
0,0.02214946,0
0,0.010326061,0
0,0.045399062,0
0,0.023993075,0
0,0.014617579,0
0,0.028394984,0
0,0.0082225,0
0,0.04109411,0
0,0.010065132,0
0,0.0089739375,0
0,0.014659948,0
0,0.025663374,0
0,0.0133685,0
0,0.0073299403,0
0,0.013333903,0
0,0.014366669,0
0,0.075863495,0
0,0.021729771,0
0,0.01657512,0
0,0.0076821214,0
0,0.04824645,0
0,0.04036845,0
0,0.12580751,0
1,0.7808459,1
0,0.18778387,0
