,Actual,Predicted,Probability
2997,0,0,0.13
4871,0,0,0.0
3858,0,0,0.08
951,0,0,0.0
6463,0,0,0.02
3264,0,0,0.0
4508,0,0,0.01
2100,0,0,0.0
7885,0,0,0.0
2421,0,0,0.0
128,0,0,0.0
7717,0,0,0.01
6204,0,0,0.0
289,0,0,0.0
921,0,0,0.0
5086,0,0,0.0
5106,0,0,0.0
4851,1,0,0.43
8749,0,0,0.0
132,0,0,0.0
7381,0,0,0.0
1391,1,1,0.95
1739,0,0,0.01
4176,0,0,0.0
9601,0,0,0.0
6044,0,0,0.0
884,0,0,0.0
7435,0,0,0.0
2047,0,0,0.0
5209,0,0,0.0
1732,0,0,0.0
2446,0,0,0.0
1039,0,0,0.0
3438,0,0,0.0
8826,0,0,0.0
3104,0,0,0.01
4667,0,0,0.0
7293,0,0,0.0
6894,0,0,0.0
5596,0,0,0.0
4495,1,1,0.86
8378,0,0,0.02
2119,0,0,0.0
8582,1,1,0.87
9276,0,0,0.0
5403,0,0,0.0
1561,0,0,0.0
553,0,0,0.0
7009,0,0,0.0
1683,0,0,0.01
9808,0,0,0.0
405,0,0,0.11
1725,0,0,0.01
5182,0,0,0.0
7967,0,0,0.0
8742,0,0,0.0
6369,0,0,0.0
9146,0,0,0.0
3659,0,0,0.0
6590,0,0,0.0
1427,0,0,0.0
5436,0,0,0.0
2484,0,0,0.0
215,0,0,0.0
9664,1,1,0.68
4632,1,1,0.7
866,0,0,0.0
6283,0,0,0.0
7017,0,0,0.0
1231,0,0,0.0
1290,0,0,0.0
6742,0,0,0.0
1849,0,0,0.0
1019,0,0,0.0
3964,0,0,0.0
351,0,0,0.0
5039,0,0,0.0
7055,0,0,0.02
8107,0,0,0.0
4617,0,0,0.0
585,0,0,0.08
6299,0,0,0.0
2137,0,0,0.0
9317,0,0,0.0
9924,0,0,0.0
80,0,0,0.01
555,0,0,0.0
3474,0,0,0.0
5821,0,0,0.09
6220,0,0,0.0
3026,0,0,0.11
7973,0,0,0.0
3916,0,0,0.01
221,0,0,0.0
8704,0,0,0.0
4111,0,0,0.01
4231,0,1,0.8
7884,1,0,0.41
871,0,0,0.01
6750,0,0,0.0
5953,0,0,0.0
4381,0,0,0.1
3640,0,0,0.0
9837,0,0,0.0
7621,0,0,0.0
3977,0,0,0.0
5496,0,0,0.0
2790,0,0,0.0
3132,0,0,0.0
2261,0,0,0.01
1426,0,0,0.0
1733,0,0,0.0
3080,0,0,0.0
6538,0,0,0.0
8023,0,0,0.03
7225,0,0,0.0
3836,0,0,0.0
5448,0,0,0.0
6434,0,0,0.0
196,0,0,0.0
561,0,0,0.0
9174,1,0,0.0
4566,0,0,0.0
9025,0,0,0.0
986,0,0,0.0
9744,0,0,0.0
7874,0,0,0.0
3806,1,1,0.56
6707,0,0,0.0
9801,0,0,0.0
1848,0,0,0.0
1916,0,0,0.09
4966,0,0,0.0
3678,0,0,0.0
8358,0,0,0.0
8751,0,0,0.0
7384,0,0,0.0
7252,0,0,0.02
3417,0,0,0.0
1429,0,0,0.0
6438,0,0,0.0
7398,0,0,0.0
2747,0,0,0.0
1664,0,0,0.0
2671,1,0,0.01
7684,0,0,0.0
4339,0,0,0.0
7605,0,0,0.0
2324,0,0,0.0
8991,0,0,0.0
8464,0,0,0.0
8488,0,0,0.0
2700,0,0,0.0
6495,0,0,0.01
6276,0,0,0.13
3117,0,0,0.0
2547,0,0,0.0
2707,0,0,0.0
6432,0,0,0.0
2444,1,1,0.87
3912,0,0,0.0
7986,0,0,0.0
8744,0,0,0.0
1713,0,0,0.0
3910,0,0,0.0
2022,0,0,0.0
530,0,0,0.0
597,0,0,0.01
11,0,0,0.0
4887,0,0,0.0
1303,0,0,0.0
5967,0,0,0.01
9372,0,0,0.0
7682,0,0,0.13
6802,0,0,0.0
2420,0,0,0.0
8600,0,0,0.0
1449,0,0,0.0
2742,0,0,0.0
7100,0,0,0.0
6945,0,0,0.0
2050,0,0,0.0
7561,0,0,0.0
6933,0,0,0.0
8962,0,0,0.0
3763,0,0,0.0
2704,0,0,0.0
4699,0,0,0.01
2030,0,0,0.0
8603,0,0,0.09
8482,0,0,0.0
5422,0,0,0.02
8276,0,0,0.12
647,0,0,0.0
842,0,0,0.0
7297,0,0,0.0
6397,0,0,0.0
6501,0,0,0.03
9503,0,0,0.0
4126,0,0,0.0
5590,0,0,0.05
5171,0,0,0.01
8831,0,0,0.0
6090,0,0,0.0
8838,0,0,0.01
9743,0,0,0.0
8677,0,0,0.0
5068,0,0,0.0
3409,0,0,0.0
6251,0,0,0.0
6152,0,0,0.0
6729,0,0,0.0
197,0,0,0.0
1040,0,0,0.0
9685,0,0,0.0
3873,0,0,0.0
5424,0,0,0.01
5563,0,0,0.0
3820,0,0,0.03
4223,0,0,0.0
6986,0,0,0.0
8250,0,0,0.0
926,1,0,0.24
3801,0,0,0.0
3043,0,0,0.0
8429,0,0,0.0
9385,0,0,0.0
5365,0,0,0.0
4461,0,0,0.0
9673,0,0,0.0
9207,0,0,0.0
6247,0,0,0.01
9506,0,0,0.0
5541,0,0,0.0
8405,0,0,0.0
4861,0,0,0.0
2339,0,0,0.0
2808,0,0,0.0
588,0,0,0.04
7858,0,0,0.0
3006,0,0,0.0
7010,0,0,0.0
8244,0,0,0.0
3655,0,0,0.0
991,0,0,0.0
7779,0,0,0.02
8390,0,0,0.06
8760,0,0,0.0
1326,0,0,0.02
1024,0,0,0.0
575,0,0,0.01
2396,0,0,0.0
1300,0,0,0.01
1384,0,0,0.0
1678,0,0,0.12
8288,0,0,0.0
9067,0,0,0.0
1709,0,0,0.0
4050,0,0,0.01
913,0,0,0.0
1067,0,0,0.0
3743,0,0,0.0
4315,0,0,0.0
1310,0,0,0.02
2453,0,0,0.0
8638,0,0,0.0
8531,0,0,0.0
318,0,0,0.0
4877,0,0,0.0
4332,0,0,0.0
1538,0,0,0.0
9893,0,0,0.0
210,0,0,0.0
3424,0,0,0.0
9019,0,0,0.0
7409,0,0,0.0
9904,0,0,0.0
5482,0,0,0.0
5812,0,0,0.0
2404,0,0,0.01
409,0,0,0.0
679,0,0,0.0
9394,0,0,0.0
2985,0,0,0.0
2161,0,0,0.09
8505,0,0,0.0
1127,0,0,0.0
5467,0,0,0.0
6601,0,0,0.03
4312,0,0,0.0
779,0,0,0.0
9854,0,0,0.0
2218,0,0,0.0
1905,0,0,0.0
8084,0,0,0.0
5978,0,0,0.01
4837,0,0,0.0
4695,0,0,0.0
6306,0,0,0.0
2383,0,0,0.0
459,0,0,0.0
1251,0,0,0.15
156,0,0,0.01
843,0,0,0.01
1031,0,0,0.0
1811,0,0,0.0
2033,0,0,0.01
9440,0,0,0.0
1299,0,0,0.0
8351,0,0,0.02
9286,0,0,0.0
9713,0,0,0.0
3991,0,0,0.0
4192,0,0,0.0
6354,0,0,0.0
5291,0,0,0.04
940,0,0,0.0
3455,0,0,0.01
7231,0,0,0.0
5202,0,0,0.0
7027,0,0,0.0
6401,0,0,0.0
8533,0,0,0.0
4143,0,0,0.0
7814,0,0,0.0
3862,0,0,0.08
13,0,0,0.0
2849,0,0,0.0
5907,0,0,0.0
9450,0,0,0.0
9079,0,0,0.0
1914,0,0,0.0
3537,0,0,0.0
8302,0,0,0.0
2765,0,0,0.0
1200,0,0,0.01
5700,0,0,0.0
7335,0,0,0.07
8645,0,0,0.0
7978,0,0,0.02
2417,0,0,0.0
735,0,0,0.0
3814,1,1,0.62
6343,0,0,0.01
6860,0,0,0.0
3106,0,0,0.04
2864,1,0,0.27
5323,0,0,0.01
2430,0,0,0.0
1812,0,0,0.0
9419,0,0,0.0
3792,0,0,0.02
5483,0,0,0.0
8311,0,0,0.0
4625,0,0,0.03
9225,0,0,0.0
7815,0,0,0.01
7972,0,0,0.01
5679,0,0,0.0
6261,0,0,0.0
3603,0,0,0.0
3032,0,0,0.0
5582,0,0,0.0
2118,0,0,0.0
3531,0,0,0.0
1636,0,0,0.0
6456,0,0,0.01
8249,0,0,0.0
7499,0,0,0.0
5218,0,0,0.01
1685,0,0,0.0
7218,0,0,0.0
8844,0,0,0.0
5356,0,0,0.01
7223,0,0,0.0
4587,0,0,0.0
959,0,0,0.0
5307,0,0,0.26
9347,0,0,0.0
8541,0,0,0.0
8642,0,0,0.0
3127,0,0,0.01
7431,0,0,0.03
1950,0,0,0.0
5328,0,0,0.0
2197,0,0,0.0
2994,0,0,0.0
6944,0,0,0.0
5706,1,1,0.83
6884,0,0,0.0
8021,0,0,0.09
8134,0,0,0.0
1978,0,0,0.0
2497,0,0,0.0
143,0,0,0.0
136,0,0,0.0
2625,0,0,0.0
1069,0,0,0.0
8031,0,0,0.0
5523,0,0,0.0
5113,0,0,0.0
1919,0,0,0.0
1433,0,0,0.0
5375,0,0,0.0
1527,0,0,0.0
7540,0,0,0.0
3427,0,0,0.0
5788,0,0,0.0
9282,0,0,0.0
3648,0,0,0.01
9427,0,0,0.0
7950,0,0,0.0
1896,0,0,0.0
4264,0,0,0.0
3098,0,0,0.0
4810,0,0,0.01
8652,0,0,0.0
8693,0,0,0.0
2608,0,0,0.0
1904,0,0,0.0
7226,0,0,0.0
4255,0,0,0.09
9248,0,0,0.0
2778,0,0,0.0
8620,0,0,0.0
7553,0,0,0.0
3718,0,0,0.0
4291,0,0,0.0
6451,0,0,0.0
982,0,0,0.0
4099,0,0,0.0
4604,0,0,0.0
8896,0,0,0.0
7844,0,0,0.03
3459,0,0,0.04
3833,0,0,0.0
7490,0,0,0.0
4028,0,0,0.09
677,0,0,0.0
4324,0,0,0.0
56,0,0,0.0
2414,0,0,0.0
7662,0,0,0.0
2660,0,0,0.04
1938,0,0,0.0
3716,0,0,0.0
7730,0,0,0.0
2413,0,0,0.0
5543,0,0,0.03
810,0,0,0.0
4933,0,0,0.0
2988,0,0,0.0
4136,0,0,0.0
6564,0,0,0.0
4474,0,0,0.0
6889,0,0,0.0
973,0,0,0.0
7739,0,0,0.0
5417,0,0,0.01
3666,0,0,0.0
7345,0,0,0.01
6845,0,0,0.0
7502,0,0,0.0
3712,0,0,0.0
5559,0,0,0.0
6744,0,0,0.03
539,0,0,0.0
8964,0,0,0.0
8957,0,0,0.0
6575,0,0,0.0
4676,0,0,0.0
8247,0,0,0.0
1926,0,0,0.0
4588,0,0,0.0
9810,0,0,0.0
5820,0,0,0.03
5023,0,0,0.0
5030,0,0,0.0
2680,0,0,0.0
3636,0,0,0.0
8129,0,0,0.0
6546,0,0,0.0
8792,0,0,0.0
9038,0,0,0.01
8317,0,0,0.0
6430,0,0,0.0
881,0,0,0.0
9459,0,0,0.0
5574,0,0,0.02
1345,0,0,0.0
4250,0,0,0.0
1241,0,0,0.0
504,0,0,0.0
1813,0,0,0.0
3229,0,0,0.0
5699,0,0,0.0
3754,0,0,0.0
7448,0,0,0.0
656,0,0,0.0
7187,0,0,0.01
2181,0,0,0.0
6817,0,0,0.01
4270,1,1,0.98
4307,1,0,0.49
2445,0,0,0.01
6370,0,0,0.0
1331,0,0,0.09
7576,0,0,0.0
6238,0,0,0.01
2256,0,0,0.0
618,0,0,0.0
1009,0,0,0.0
1879,0,0,0.0
6522,0,0,0.0
1379,0,0,0.0
4967,0,0,0.0
5423,0,0,0.0
6227,0,0,0.0
306,0,0,0.0
7288,0,0,0.0
8500,0,0,0.0
9981,0,0,0.0
9054,0,0,0.0
7174,0,0,0.03
380,1,1,0.93
5295,0,0,0.0
7339,0,0,0.0
6279,0,0,0.0
6572,0,0,0.0
6208,0,0,0.0
6180,0,0,0.0
4392,0,0,0.01
9650,0,0,0.0
6630,0,0,0.02
1616,0,0,0.0
8309,0,0,0.0
4754,0,0,0.15
7287,0,0,0.0
8893,0,0,0.0
313,0,0,0.0
8371,0,0,0.0
4429,0,0,0.0
6121,0,0,0.0
5534,0,0,0.0
7505,0,0,0.0
1448,0,0,0.0
1337,0,0,0.0
2912,0,0,0.0
9311,0,0,0.0
3695,1,0,0.07
6931,0,0,0.0
4394,0,0,0.01
5848,0,0,0.0
3966,0,0,0.0
787,0,0,0.0
9855,0,0,0.0
846,0,0,0.01
6693,0,0,0.0
7015,0,0,0.0
4487,0,0,0.0
3451,0,0,0.0
8472,0,0,0.0
4283,1,1,0.63
5539,0,0,0.0
4673,0,0,0.0
9109,0,0,0.0
9997,0,0,0.0
6057,0,0,0.0
8078,0,0,0.0
3582,0,0,0.0
8485,0,0,0.0
1903,0,0,0.0
7263,0,0,0.0
2169,0,0,0.0
716,0,0,0.0
3671,0,0,0.0
1964,0,0,0.0
7176,0,0,0.0
21,0,0,0.0
9159,0,0,0.0
6182,0,0,0.0
9353,0,0,0.0
2897,0,0,0.0
788,0,0,0.0
4968,0,0,0.0
3785,0,0,0.0
3944,0,0,0.22
7173,0,0,0.0
7313,0,0,0.0
1508,0,0,0.13
924,0,0,0.06
2493,0,0,0.04
9530,0,0,0.0
2129,0,0,0.0
3727,0,0,0.0
1738,0,0,0.0
9881,0,0,0.0
2815,0,0,0.0
7526,0,0,0.0
3699,0,0,0.0
9308,0,0,0.0
2237,0,0,0.01
7045,0,0,0.0
812,0,0,0.01
6012,0,0,0.0
1833,1,0,0.28
5087,0,0,0.0
5478,0,0,0.0
1681,0,0,0.12
3051,0,0,0.0
8361,0,0,0.0
8426,0,0,0.0
5747,0,0,0.0
5793,0,0,0.0
7154,0,0,0.0
6981,0,0,0.0
9912,0,0,0.0
1701,0,0,0.0
4305,0,0,0.0
4614,0,0,0.0
3468,0,0,0.0
8933,0,0,0.0
2624,0,0,0.0
4319,0,0,0.01
2114,0,0,0.0
3682,0,0,0.0
4575,0,0,0.0
7242,0,0,0.01
9410,0,0,0.0
9624,0,0,0.0
6015,0,0,0.0
8883,0,0,0.0
2949,0,0,0.0
5742,0,0,0.0
7016,0,0,0.0
1032,0,0,0.0
2878,0,0,0.0
3766,0,0,0.08
974,0,0,0.0
7805,0,0,0.0
3059,0,0,0.0
9076,0,0,0.0
2195,0,0,0.0
3908,0,0,0.0
1085,1,0,0.37
4296,1,1,0.67
3149,0,0,0.0
2922,0,0,0.0
8145,0,0,0.01
497,0,0,0.05
6292,0,0,0.0
2865,0,0,0.0
3969,0,0,0.0
163,0,0,0.0
1571,0,0,0.0
1,0,0,0.0
6910,0,0,0.0
2881,0,0,0.0
7839,0,0,0.01
323,0,0,0.0
9778,0,0,0.01
7080,0,0,0.01
7871,0,0,0.01
314,0,0,0.01
2043,0,0,0.02
9331,0,0,0.0
7997,1,1,0.94
7340,0,0,0.0
7942,0,0,0.0
5015,0,0,0.0
3570,0,0,0.0
232,0,0,0.0
7177,0,0,0.0
9042,0,0,0.0
248,1,1,0.68
3926,0,0,0.0
8748,0,0,0.0
6554,0,0,0.0
3303,0,0,0.0
7492,0,0,0.0
3989,0,0,0.0
342,0,0,0.0
2884,0,0,0.0
9371,0,0,0.0
9232,0,0,0.0
1418,0,0,0.26
3502,0,0,0.02
7702,0,0,0.0
4766,0,0,0.0
1847,0,0,0.0
2199,0,0,0.0
8150,0,0,0.0
8846,1,0,0.41
978,0,0,0.0
1481,0,0,0.04
4636,0,0,0.07
4994,0,0,0.0
5817,0,0,0.03
4132,0,0,0.02
8525,0,0,0.0
4866,0,0,0.0
7693,0,0,0.0
6311,0,0,0.0
8324,0,0,0.01
2251,0,0,0.0
8445,0,0,0.0
1038,0,0,0.0
1084,0,0,0.0
8549,0,0,0.0
1109,0,0,0.0
9256,0,0,0.0
6035,0,0,0.0
2490,0,0,0.0
6531,0,0,0.0
5072,0,0,0.0
1976,0,0,0.0
4297,0,0,0.08
6504,0,0,0.03
7748,0,0,0.0
3551,0,0,0.0
8112,0,0,0.02
9243,0,0,0.0
1843,0,0,0.0
9643,0,0,0.0
3617,0,0,0.0
3081,0,0,0.0
9889,0,0,0.0
8765,0,0,0.02
3807,0,0,0.0
8939,0,0,0.0
4542,0,0,0.0
6805,0,0,0.0
8738,0,0,0.0
5651,0,0,0.06
5980,0,0,0.0
3037,0,0,0.0
131,0,0,0.0
9091,0,0,0.0
1694,0,0,0.0
8812,0,0,0.0
330,0,0,0.07
3557,0,0,0.05
4697,0,0,0.0
2110,0,0,0.0
7993,0,0,0.0
2566,0,0,0.0
3688,0,0,0.01
520,0,0,0.0
4991,0,0,0.0
3052,0,0,0.0
2606,0,0,0.0
6815,0,0,0.0
4122,0,0,0.0
9534,0,0,0.0
2042,0,0,0.01
2713,0,0,0.0
3130,0,0,0.0
3856,0,0,0.36
7480,0,0,0.0
9529,0,0,0.0
8194,0,0,0.2
7324,0,0,0.01
8106,0,0,0.0
744,0,0,0.0
7736,0,0,0.0
2635,0,0,0.0
8870,0,0,0.0
9402,0,0,0.0
572,0,0,0.0
8519,0,0,0.0
852,0,0,0.0
2804,0,0,0.0
1799,0,0,0.0
3096,0,0,0.0
9234,0,0,0.0
7312,0,0,0.0
4449,1,1,0.76
1605,0,0,0.0
4330,0,0,0.0
7011,1,1,0.96
5719,0,0,0.0
7352,0,0,0.0
9016,1,0,0.49
3013,0,0,0.0
9037,0,0,0.0
4466,0,0,0.13
6280,0,0,0.0
8366,0,0,0.0
4543,0,0,0.0
7498,0,0,0.0
148,0,0,0.0
6215,0,0,0.0
1050,0,0,0.0
4600,1,1,0.73
1045,0,0,0.01
7310,0,0,0.0
8279,0,0,0.09
1750,0,0,0.0
7634,0,0,0.0
9827,0,0,0.09
38,0,0,0.0
4427,1,1,0.9
3251,0,0,0.0
6624,0,0,0.0
7400,0,0,0.0
7474,0,0,0.0
685,0,0,0.0
4963,0,0,0.0
4453,0,0,0.07
1074,0,0,0.0
3170,0,0,0.01
4083,0,0,0.0
3668,0,0,0.0
6364,0,0,0.0
9492,0,0,0.04
7192,0,0,0.0
9,0,0,0.0
4212,0,0,0.1
5350,0,0,0.0
3307,0,0,0.0
3318,0,0,0.0
9950,0,0,0.0
3386,0,0,0.0
9533,0,0,0.0
6348,0,0,0.0
1011,0,0,0.0
6557,0,0,0.0
5787,0,0,0.0
4170,1,1,0.96
8986,0,0,0.0
7557,0,0,0.0
1574,0,0,0.01
4201,0,0,0.05
6111,0,0,0.0
6667,0,0,0.0
9043,0,0,0.01
841,0,0,0.0
5714,0,0,0.0
1691,0,0,0.0
5147,0,0,0.0
2666,0,0,0.09
2554,0,0,0.0
2576,0,0,0.0
2627,0,0,0.0
984,0,0,0.0
2605,0,0,0.0
1314,0,0,0.0
3839,0,0,0.0
7199,0,0,0.0
2302,0,0,0.0
7857,0,0,0.0
5078,0,0,0.0
358,0,0,0.0
7711,0,0,0.0
3257,0,0,0.0
4790,0,0,0.0
4899,0,0,0.05
7463,0,0,0.0
5018,0,0,0.0
2466,0,0,0.03
3876,0,0,0.0
2657,0,0,0.0
474,0,0,0.0
7309,0,0,0.0
5911,0,0,0.04
7090,0,0,0.0
3295,0,0,0.0
7278,0,0,0.0
1957,0,0,0.01
8474,0,0,0.0
1059,0,0,0.0
4786,0,0,0.0
6387,0,0,0.0
8295,0,0,0.0
1003,0,0,0.0
8842,0,0,0.0
9471,0,0,0.0
5489,0,0,0.2
897,0,0,0.0
8135,0,0,0.0
2806,0,0,0.0
1405,0,0,0.0
7518,0,0,0.0
5692,0,0,0.12
431,0,0,0.0
4787,0,0,0.0
9414,1,1,0.59
3022,0,0,0.02
6565,0,0,0.0
4241,0,0,0.03
7362,0,0,0.0
8005,0,0,0.0
4873,0,0,0.0
5786,0,0,0.0
5986,0,0,0.16
4698,0,0,0.0
8722,0,0,0.0
7442,0,0,0.0
5656,0,0,0.02
1650,0,0,0.0
4156,0,0,0.0
9595,0,0,0.04
1727,0,0,0.0
8997,0,0,0.0
6892,0,0,0.0
4985,0,0,0.02
6534,0,0,0.0
4274,0,0,0.0
4,0,0,0.0
7093,0,0,0.0
5945,0,0,0.0
9648,0,0,0.0
3762,0,0,0.0
7175,0,0,0.0
2103,0,0,0.0
7382,0,0,0.0
1874,0,0,0.0
3158,0,0,0.0
9727,0,0,0.0
6540,1,1,0.69
242,1,1,0.59
6381,0,0,0.0
1083,0,0,0.0
2053,0,0,0.06
5633,0,0,0.0
1353,0,0,0.01
3144,0,0,0.0
2618,0,0,0.0
2102,0,0,0.03
7180,0,0,0.0
3618,0,0,0.0
4755,1,1,0.95
5958,0,0,0.0
6316,0,0,0.0
2817,0,0,0.0
9269,0,0,0.06
2693,0,0,0.0
637,0,0,0.0
2270,0,0,0.0
1982,0,0,0.0
4902,0,0,0.04
365,0,0,0.0
2104,0,0,0.0
5324,0,0,0.0
4287,0,0,0.0
5383,0,0,0.0
3163,0,0,0.0
7873,0,0,0.0
4160,0,0,0.0
1344,0,0,0.0
9555,0,0,0.0
1343,0,0,0.0
9803,0,0,0.0
6647,0,0,0.0
5499,0,0,0.0
9589,0,0,0.0
6757,0,0,0.0
261,0,0,0.0
6979,0,0,0.05
2972,0,0,0.0
1524,0,0,0.0
6642,0,0,0.0
7169,0,0,0.0
4565,1,1,0.86
4576,0,0,0.0
8834,0,0,0.0
398,0,0,0.0
6288,0,0,0.0
4652,0,0,0.0
9830,1,0,0.5
9886,0,0,0.0
4013,0,0,0.0
5214,0,0,0.0
404,0,0,0.01
3651,0,0,0.0
592,0,0,0.06
689,0,0,0.0
9316,0,0,0.0
4584,0,0,0.0
6509,0,0,0.0
7872,0,0,0.0
1028,0,0,0.0
9489,0,0,0.09
4141,0,0,0.0
652,0,0,0.0
6212,0,0,0.0
2001,0,0,0.0
4743,0,0,0.01
976,0,0,0.0
2212,0,0,0.0
4404,0,0,0.01
541,0,0,0.0
7402,0,0,0.0
6210,0,0,0.0
4431,0,0,0.0
7775,0,0,0.01
3201,0,0,0.0
7468,0,0,0.0
8196,0,0,0.13
6740,0,0,0.03
4822,0,0,0.0
1325,0,0,0.0
2822,0,0,0.0
6245,0,0,0.0
5377,0,0,0.0
9468,0,0,0.01
9960,0,0,0.0
2443,0,0,0.0
4413,0,0,0.01
4471,0,0,0.01
7041,0,0,0.01
4696,0,0,0.01
914,0,0,0.0
7062,0,0,0.0
6503,0,0,0.01
3729,0,0,0.11
9114,0,0,0.0
7867,0,0,0.02
3321,0,0,0.0
1092,0,0,0.0
3185,0,0,0.0
5149,0,0,0.0
2531,0,0,0.0
6513,0,0,0.0
7659,0,0,0.0
4243,0,0,0.01
6134,0,0,0.0
916,0,0,0.0
7982,0,0,0.0
5665,0,0,0.0
129,0,0,0.0
3255,0,0,0.0
3406,0,0,0.0
632,0,0,0.01
3218,0,0,0.01
272,0,0,0.0
8569,0,0,0.0
2225,0,0,0.0
8300,0,0,0.0
5452,0,0,0.0
2787,0,0,0.0
9189,0,0,0.0
681,0,0,0.0
3320,0,0,0.01
2556,0,0,0.0
5399,1,0,0.32
3538,0,0,0.0
2474,0,0,0.0
6971,0,0,0.0
9755,0,0,0.06
5211,0,0,0.03
3571,0,0,0.0
9736,0,0,0.02
27,0,0,0.0
1104,0,0,0.0
2491,0,0,0.0
7842,0,0,0.07
7742,0,0,0.01
2471,0,0,0.0
9509,0,0,0.0
3232,0,0,0.0
5225,0,0,0.03
3777,0,0,0.07
6032,0,0,0.01
4384,0,0,0.16
941,0,0,0.0
1286,0,0,0.0
6323,0,0,0.0
7066,0,0,0.0
1894,0,0,0.0
5044,0,0,0.0
8570,0,0,0.0
1624,0,0,0.0
7115,0,0,0.0
1806,0,0,0.0
7470,0,0,0.0
5852,0,0,0.0
2039,0,0,0.0
9366,0,0,0.0
5,0,0,0.0
9733,0,0,0.0
6875,0,0,0.0
9031,0,0,0.0
3547,0,0,0.03
1378,0,0,0.03
899,0,0,0.0
6919,0,0,0.0
8462,0,0,0.0
4544,1,1,0.73
3515,0,0,0.01
3118,0,0,0.0
3681,0,0,0.0
3267,0,0,0.0
4454,0,0,0.0
8911,0,0,0.0
3940,0,0,0.2
4610,0,0,0.07
65,0,0,0.0
6184,0,0,0.0
7787,0,0,0.0
833,0,0,0.0
4337,0,0,0.01
4546,0,0,0.02
9987,0,0,0.07
7476,0,0,0.0
2567,0,0,0.0
5701,0,0,0.08
2116,0,0,0.0
3373,0,0,0.0
3946,0,0,0.0
5673,0,0,0.0
1390,0,0,0.0
9446,0,0,0.0
3536,0,0,0.0
214,0,0,0.0
375,0,0,0.0
7919,0,0,0.0
8759,0,0,0.0
3224,0,0,0.0
9656,0,0,0.02
6173,0,0,0.0
7000,0,0,0.0
773,0,0,0.0
2314,0,0,0.0
8556,0,0,0.0
3150,0,0,0.0
8543,0,0,0.0
3309,0,0,0.0
3252,0,0,0.0
4271,0,0,0.0
8865,0,0,0.0
4849,0,0,0.01
9135,0,0,0.0
4085,0,0,0.0
9486,0,0,0.0
5169,0,0,0.0
9765,0,0,0.0
4106,0,0,0.0
997,0,0,0.0
3596,0,0,0.1
1238,0,0,0.0
943,0,0,0.0
8180,0,0,0.0
4626,0,0,0.0
1198,0,0,0.02
3446,0,0,0.21
7262,0,0,0.0
3830,0,0,0.0
8345,0,0,0.0
5110,0,0,0.0
5477,0,0,0.0
2544,0,0,0.0
1402,0,0,0.0
7397,0,0,0.0
6913,0,0,0.0
293,0,0,0.0
8286,0,0,0.0
5119,0,0,0.0
7714,0,0,0.0
8290,0,0,0.0
8513,0,0,0.0
9816,0,0,0.0
3500,0,0,0.0
5795,0,0,0.0
1480,0,0,0.0
9001,0,0,0.0
9212,0,0,0.0
2810,0,0,0.0
2856,0,0,0.07
1082,0,0,0.0
7928,0,0,0.0
7680,0,0,0.01
8801,0,0,0.0
7985,0,0,0.0
1946,0,0,0.0
9633,0,0,0.0
6840,0,0,0.02
8105,0,0,0.03
4601,1,1,0.82
3592,0,0,0.03
873,0,0,0.0
3909,0,0,0.0
7305,0,0,0.0
166,0,0,0.0
1731,0,0,0.0
1150,0,0,0.0
5083,0,0,0.0
1889,0,0,0.0
8583,0,0,0.0
8307,1,1,0.62
7424,0,0,0.25
6838,0,0,0.0
2029,0,0,0.0
377,0,0,0.01
7366,0,0,0.0
1821,0,0,0.0
5433,0,0,0.01
3128,0,0,0.0
8983,0,0,0.0
8537,0,0,0.0
5640,0,0,0.02
7630,0,0,0.0
9857,0,0,0.0
3794,0,1,0.85
5505,0,0,0.0
1867,0,0,0.0
9475,0,0,0.0
5837,0,0,0.0
5286,0,0,0.01
4488,0,0,0.0
9386,0,0,0.0
3513,0,0,0.0
1791,0,0,0.0
55,0,0,0.0
8025,0,0,0.14
9636,0,0,0.0
7677,0,0,0.49
1990,0,0,0.0
5972,0,0,0.0
4765,0,0,0.02
3886,0,0,0.01
7421,0,0,0.03
9320,0,0,0.0
4650,0,0,0.0
591,0,0,0.01
6497,1,1,0.67
8035,0,0,0.01
2094,0,0,0.01
4720,1,1,0.57
7574,0,0,0.0
6848,0,0,0.0
9023,0,0,0.0
5874,0,0,0.0
1210,0,0,0.0
9547,0,0,0.0
5856,0,0,0.0
754,0,0,0.01
4960,0,0,0.18
9069,0,0,0.0
9354,0,0,0.0
1247,0,0,0.01
732,0,0,0.0
5367,0,0,0.0
8708,0,0,0.01
2105,0,0,0.0
8536,0,0,0.0
8169,0,0,0.0
8298,0,0,0.07
2401,0,0,0.01
5996,0,0,0.26
9071,0,0,0.0
4288,0,0,0.04
1754,0,0,0.0
1361,0,0,0.0
4026,0,0,0.11
7441,0,0,0.0
120,0,0,0.0
8787,0,0,0.0
5553,0,0,0.09
518,0,0,0.0
2838,0,0,0.0
5019,0,0,0.0
9130,0,0,0.0
2809,0,0,0.0
7220,0,0,0.0
1710,0,0,0.0
5637,0,0,0.02
4628,0,0,0.0
6295,0,0,0.0
6058,0,0,0.0
823,0,0,0.0
4618,1,1,0.89
2192,0,0,0.0
3575,0,0,0.01
1052,0,0,0.0
6112,0,0,0.0
8419,0,0,0.0
133,0,0,0.0
8649,0,0,0.05
4367,0,0,0.03
8162,0,0,0.0
6583,0,0,0.0
97,0,0,0.0
7133,0,0,0.0
9075,0,0,0.0
6022,0,0,0.0
9411,0,0,0.0
1272,0,0,0.0
6891,0,0,0.0
6816,0,0,0.0
4950,0,0,0.0
7086,0,0,0.25
1968,0,0,0.0
7087,1,0,0.1
6232,0,0,0.0
9751,0,0,0.0
1262,0,0,0.0
8469,0,0,0.03
9300,0,0,0.0
844,0,0,0.21
3733,0,0,0.0
747,0,0,0.02
3302,0,0,0.01
5485,0,0,0.09
9137,0,0,0.0
3091,0,0,0.0
1475,0,0,0.0
6780,0,0,0.0
1425,0,0,0.02
8967,0,0,0.0
5124,0,0,0.0
1091,0,0,0.0
9272,0,0,0.0
4035,0,0,0.0
4327,0,0,0.0
92,0,0,0.0
7651,0,0,0.0
8804,0,0,0.01
3055,0,0,0.0
3376,0,0,0.0
6686,0,0,0.0
2887,0,0,0.0
2941,1,0,0.03
4630,0,0,0.0
8440,0,0,0.03
61,0,0,0.0
1758,0,0,0.01
9015,1,0,0.07
2852,0,0,0.07
6302,0,0,0.0
1187,0,0,0.0
6915,0,0,0.0
4679,0,0,0.0
204,0,0,0.0
3593,0,0,0.02
2172,0,0,0.0
3519,0,0,0.01
2176,0,0,0.0
3955,0,0,0.0
4735,0,0,0.08
9538,0,0,0.0
6014,0,0,0.0
6053,0,0,0.0
9122,0,0,0.0
6116,0,0,0.0
6788,0,0,0.0
2965,0,0,0.0
8707,0,0,0.0
5255,0,0,0.01
4329,0,0,0.0
2781,0,0,0.0
5782,0,0,0.0
8483,0,0,0.0
1320,0,0,0.0
9978,0,0,0.02
9741,0,0,0.0
5896,0,0,0.0
6355,0,0,0.01
5195,0,0,0.0
2963,0,0,0.0
7452,0,0,0.0
7531,0,0,0.01
545,0,0,0.0
9291,0,0,0.0
327,1,0,0.5
1781,0,0,0.0
8015,0,0,0.0
2612,0,0,0.02
9511,0,0,0.0
1152,0,0,0.0
2905,0,0,0.0
4538,0,0,0.0
3859,0,0,0.14
7573,0,0,0.0
7822,0,0,0.0
8206,0,0,0.0
7342,0,0,0.0
7852,0,0,0.0
2459,0,0,0.01
8160,0,0,0.0
8465,0,0,0.0
2537,0,0,0.0
9655,0,0,0.06
4980,0,0,0.02
5658,0,0,0.04
8149,0,0,0.0
8014,0,0,0.0
5406,0,0,0.0
2087,0,0,0.0
2190,0,0,0.0
5643,0,0,0.0
4704,0,0,0.01
8221,0,0,0.0
9850,0,0,0.0
2160,0,0,0.02
6067,0,0,0.0
9969,0,0,0.01
9641,0,0,0.02
3561,0,0,0.0
5623,0,0,0.0
1652,0,0,0.0
6764,0,0,0.0
5090,0,0,0.0
7603,0,0,0.0
3425,0,0,0.0
7373,0,0,0.0
1728,0,0,0.0
624,0,0,0.0
6954,0,0,0.0
9799,0,0,0.0
5091,0,0,0.0
4357,0,0,0.04
2126,0,0,0.0
3771,0,0,0.03
4078,1,0,0.36
3392,0,0,0.0
7851,0,0,0.0
5928,0,0,0.0
2397,0,0,0.0
8934,0,0,0.0
1692,0,0,0.0
3843,0,0,0.07
7292,0,0,0.0
9517,0,0,0.0
119,0,0,0.0
4891,0,0,0.0
6479,0,0,0.0
7807,0,0,0.0
7809,0,0,0.0
8622,0,0,0.0
7769,0,0,0.0
4838,0,0,0.0
6496,0,0,0.01
9484,0,0,0.03
947,0,0,0.0
7094,0,0,0.0
3382,0,0,0.0
5791,0,0,0.0
4081,1,1,0.85
5148,0,0,0.01
5827,0,0,0.0
2011,0,0,0.0
9229,0,0,0.0
7790,0,0,0.0
8314,0,0,0.0
418,0,0,0.0
1313,0,0,0.02
2508,0,0,0.0
850,0,0,0.0
9724,0,0,0.01
5453,0,0,0.0
5041,0,0,0.0
1630,0,0,0.0
7861,0,0,0.0
3271,0,0,0.05
1181,0,0,0.0
5142,0,0,0.0
4591,0,0,0.0
6819,0,0,0.0
4349,0,0,0.0
1273,0,0,0.0
1649,0,0,0.0
8633,0,0,0.0
5944,0,0,0.0
768,0,0,0.0
1667,0,0,0.0
8132,0,0,0.01
1564,0,0,0.0
6177,0,0,0.0
7786,0,0,0.0
4134,0,0,0.0
7326,0,0,0.0
7219,0,0,0.0
1724,0,0,0.0
5290,0,0,0.0
9986,0,0,0.03
8670,0,0,0.0
7642,0,0,0.0
2869,0,0,0.0
3722,0,0,0.0
6703,0,0,0.0
4130,1,1,0.68
8151,0,0,0.0
2277,0,0,0.0
7408,0,0,0.0
8460,0,0,0.01
4775,0,0,0.0
9548,0,0,0.0
5363,0,0,0.0
4577,0,0,0.0
5703,0,0,0.0
7078,0,0,0.08
3527,0,0,0.2
3420,0,0,0.01
2086,0,0,0.04
1349,0,0,0.01
3221,0,0,0.01
8293,0,0,0.0
2262,0,0,0.0
4502,0,0,0.0
4179,1,1,0.88
4100,0,0,0.0
5549,0,0,0.03
6250,0,0,0.0
5095,0,0,0.0
4080,1,1,0.76
5732,0,0,0.01
8908,0,0,0.0
7268,0,0,0.0
5025,0,0,0.0
5302,0,0,0.0
1518,0,0,0.0
3724,0,0,0.0
2350,0,0,0.0
7318,0,0,0.0
4778,1,0,0.23
5830,0,0,0.0
8245,1,1,0.75
2945,0,0,0.0
35,0,0,0.0
9665,0,0,0.09
5346,0,0,0.0
663,0,0,0.0
4619,0,0,0.0
7395,0,0,0.0
5695,0,0,0.0
9861,0,0,0.0
5600,0,0,0.0
8165,0,0,0.01
966,0,0,0.0
9662,0,0,0.16
8723,0,0,0.0
7114,0,0,0.0
5871,0,0,0.0
5844,0,0,0.0
7956,0,0,0.0
5670,0,0,0.01
6266,0,0,0.0
3436,0,0,0.0
4120,1,1,0.59
9482,0,0,0.06
7785,0,0,0.0
8348,0,0,0.0
4458,0,0,0.01
6821,0,0,0.0
1224,0,0,0.0
8171,0,0,0.0
2946,0,0,0.0
426,0,0,0.0
7568,0,0,0.0
5705,0,0,0.0
5034,0,0,0.0
8799,0,0,0.0
9620,0,0,0.0
3895,0,0,0.0
8827,0,0,0.0
6597,0,0,0.0
9635,0,0,0.0
6367,0,0,0.0
9874,0,0,0.0
8211,0,0,0.0
3804,0,0,0.0
6127,0,0,0.27
7849,1,0,0.1
717,0,0,0.0
7285,0,0,0.01
9236,0,0,0.0
2970,0,0,0.0
2773,0,0,0.0
9259,0,0,0.0
5594,0,0,0.0
6712,0,0,0.0
1809,0,0,0.0
354,0,0,0.0
1428,0,0,0.0
2789,0,0,0.0
6005,0,0,0.0
5988,0,0,0.49
7423,0,0,0.21
840,0,0,0.0
5206,0,0,0.0
9558,0,0,0.0
9181,0,0,0.0
8539,0,0,0.0
797,0,0,0.0
2427,0,0,0.0
542,0,0,0.0
3045,0,0,0.0
3034,0,0,0.0
20,0,0,0.0
6526,0,0,0.0
3951,0,0,0.0
2193,0,0,0.0
5391,0,0,0.19
2569,0,0,0.0
2448,0,0,0.0
9762,0,0,0.0
5056,0,0,0.03
6078,1,1,0.78
7648,0,0,0.0
1301,0,0,0.0
7712,0,0,0.0
704,0,0,0.0
8925,0,0,0.06
3463,0,0,0.0
8209,0,0,0.0
3311,0,0,0.0
5427,0,0,0.02
3503,0,0,0.0
2939,0,0,0.0
8262,0,0,0.0
2952,0,0,0.0
274,0,0,0.0
5547,0,0,0.0
7144,0,0,0.0
6645,0,0,0.0
4031,0,0,0.17
249,1,1,0.61
6175,0,0,0.0
706,0,0,0.0
8077,0,0,0.0
8971,0,0,0.0
6887,0,0,0.0
1169,0,0,0.22
3866,0,0,0.06
7701,0,0,0.0
4692,0,0,0.0
5567,0,0,0.04
9541,0,0,0.0
9413,0,0,0.04
5897,0,0,0.0
9759,0,0,0.0
7525,0,0,0.0
1568,0,0,0.0
482,0,0,0.0
8062,0,0,0.02
874,0,0,0.01
9671,0,0,0.06
2081,0,0,0.01
5591,0,0,0.0
3345,0,0,0.0
4794,0,0,0.0
3181,0,0,0.0
2051,0,0,0.0
1626,0,0,0.0
2097,0,0,0.0
7947,0,0,0.0
8193,0,0,0.26
3902,0,0,0.0
8743,0,0,0.01
8887,0,0,0.0
2814,0,0,0.0
6415,0,0,0.0
5270,0,0,0.13
9568,0,0,0.0
6920,0,0,0.02
1669,0,0,0.0
8506,1,0,0.0
9951,0,0,0.0
721,0,0,0.0
6558,0,0,0.0
8110,0,0,0.04
1984,0,0,0.0
1088,0,0,0.0
3472,0,0,0.0
9231,0,0,0.0
8504,0,0,0.0
5305,0,0,0.01
4912,0,0,0.0
9395,0,0,0.0
8944,0,0,0.0
3256,0,0,0.0
5130,0,0,0.0
956,0,0,0.0
8636,0,0,0.0
6863,0,0,0.0
2203,0,0,0.0
7270,0,0,0.0
2258,0,0,0.01
7230,0,0,0.0
2783,0,0,0.0
4374,0,0,0.03
5244,0,0,0.0
4865,0,0,0.0
6420,0,0,0.0
8115,0,0,0.02
2023,0,0,0.0
3643,0,0,0.0
939,0,0,0.0
4627,0,0,0.0
2763,0,0,0.07
7583,0,0,0.0
6553,0,0,0.0
3234,0,0,0.0
240,0,0,0.0
3510,0,0,0.0
8381,0,0,0.0
5738,0,0,0.05
7893,0,0,0.0
6047,0,0,0.0
7248,0,0,0.0
8607,0,0,0.21
6052,0,0,0.0
2903,0,0,0.0
2599,0,0,0.0
2782,0,0,0.0
8612,0,0,0.0
6573,0,0,0.0
5870,0,0,0.0
388,0,0,0.01
6000,0,0,0.0
4379,0,0,0.08
7940,0,0,0.0
6138,0,0,0.0
5663,0,0,0.0
2134,0,0,0.0
5527,0,0,0.0
9108,0,0,0.0
4403,0,0,0.0
8524,0,0,0.0
2917,0,0,0.0
244,0,0,0.02
2080,0,0,0.13
6719,0,0,0.0
2803,0,0,0.0
9312,0,0,0.0
1308,0,0,0.0
2672,0,0,0.0
3949,0,0,0.01
979,0,0,0.01
3412,0,0,0.02
1281,0,0,0.0
6450,0,0,0.0
4059,0,0,0.01
3786,0,0,0.0
1959,0,0,0.0
42,0,0,0.0
5325,0,0,0.0
8447,0,0,0.03
6449,0,0,0.0
5878,0,0,0.0
9452,0,0,0.0
7162,0,0,0.0
6930,0,0,0.0
5357,0,0,0.0
3935,1,0,0.5
5046,0,0,0.0
6360,0,0,0.0
2250,0,0,0.0
870,0,0,0.01
552,0,0,0.0
1307,0,0,0.0
7782,0,0,0.0
1543,0,0,0.0
4015,0,0,0.0
8090,0,0,0.0
8520,0,0,0.02
6236,0,0,0.0
9337,0,0,0.08
287,0,0,0.0
9008,0,0,0.0
7641,0,0,0.0
6548,0,0,0.0
1780,0,0,0.0
1892,0,0,0.0
7407,0,0,0.0
2388,0,0,0.0
962,0,0,0.0
470,0,0,0.0
5184,0,0,0.0
1064,0,0,0.0
3248,0,0,0.0
2861,0,0,0.04
101,0,0,0.0
4258,1,1,0.71
3499,0,0,0.02
8389,0,0,0.0
3523,0,0,0.0
4641,0,0,0.04
1999,0,0,0.0
433,0,0,0.0
8688,0,0,0.02
2640,0,0,0.0
4064,0,0,0.01
1981,0,0,0.0
6674,0,0,0.12
8091,0,0,0.03
6029,0,0,0.04
8269,0,0,0.0
281,0,0,0.0
5313,0,0,0.0
684,0,0,0.0
1853,0,0,0.0
3725,0,0,0.0
1502,0,0,0.0
5840,0,0,0.0
9885,0,0,0.0
1755,0,0,0.0
789,0,0,0.0
7385,0,0,0.02
1850,0,0,0.0
7966,0,0,0.0
9127,0,0,0.0
7602,0,0,0.0
7915,0,0,0.0
1567,0,0,0.0
7046,0,0,0.0
4222,0,0,0.0
734,0,0,0.0
9554,0,0,0.01
7253,0,0,0.07
1217,0,0,0.01
7527,0,0,0.04
5642,0,0,0.0
8901,0,0,0.0
7459,0,0,0.0
6942,0,0,0.0
8030,0,0,0.0
568,0,0,0.0
8625,0,0,0.0
1600,0,0,0.0
4760,0,0,0.01
9583,0,0,0.01
1096,0,0,0.01
6135,0,0,0.0
2433,0,0,0.0
8849,0,0,0.0
7617,0,0,0.0
7056,0,0,0.0
3477,0,0,0.0
1341,0,0,0.0
9160,0,0,0.0
9204,0,0,0.0
1370,0,0,0.0
9381,0,0,0.0
7163,0,0,0.0
9313,0,0,0.0
9982,0,0,0.0
2911,0,0,0.02
9763,0,0,0.0
8364,0,0,0.0
2263,0,0,0.0
4437,0,0,0.0
2936,0,0,0.0
5568,0,0,0.0
417,0,0,0.26
267,0,0,0.0
825,0,0,0.0
5345,0,0,0.0
157,0,0,0.04
4363,0,0,0.0
2842,0,0,0.09
4806,0,0,0.08
3456,0,0,0.0
9676,0,0,0.0
3065,0,0,0.03
6612,0,0,0.37
4113,0,0,0.36
1368,0,0,0.0
9542,0,0,0.0
4701,0,0,0.0
6727,0,0,0.0
4661,1,1,0.96
803,0,0,0.01
1007,0,0,0.0
233,0,0,0.0
1996,1,0,0.0
6155,0,0,0.0
8895,0,0,0.0
9126,0,0,0.0
945,0,0,0.0
5012,0,0,0.0
8976,0,0,0.0
5164,0,0,0.0
7404,0,0,0.0
6563,0,0,0.0
4001,0,0,0.0
6803,0,0,0.0
108,0,0,0.0
2750,0,0,0.01
1670,0,0,0.0
3047,0,0,0.0
1403,0,0,0.0
8285,0,0,0.0
3765,0,0,0.0
2703,0,0,0.02
9488,0,0,0.0
6586,0,0,0.08
5096,0,0,0.0
3851,0,0,0.01
1364,0,0,0.01
4351,0,0,0.01
7992,0,0,0.0
9626,0,0,0.02
5877,0,0,0.0
6767,0,0,0.0
3453,0,0,0.01
8666,0,0,0.0
6020,0,0,0.0
2101,0,0,0.0
794,0,0,0.02
5522,0,0,0.0
1338,0,0,0.0
4450,0,0,0.0
4904,0,0,0.0
6730,0,0,0.0
8654,0,0,0.0
8975,0,0,0.0
1235,0,0,0.0
5121,0,0,0.0
4034,1,0,0.12
386,0,0,0.0
5726,0,0,0.0
3683,0,0,0.0
3194,0,0,0.01
6149,0,0,0.01
5129,0,0,0.0
5620,0,0,0.0
3686,0,0,0.02
2534,0,0,0.0
2943,0,0,0.0
3450,0,0,0.01
5503,0,0,0.0
140,0,0,0.0
6347,0,0,0.0
5268,0,0,0.06
9458,0,0,0.0
6506,0,0,0.07
1108,0,0,0.0
6639,0,0,0.0
977,0,0,0.0
7580,0,0,0.0
420,0,0,0.01
1861,0,0,0.0
9104,0,0,0.0
2456,0,0,0.0
9431,0,0,0.01
3597,0,0,0.0
4671,0,0,0.01
4758,0,0,0.02
9476,0,0,0.0
3328,0,0,0.0
8313,0,0,0.0
653,0,0,0.0
5883,0,0,0.0
2519,0,0,0.0
3176,0,0,0.0
4700,0,0,0.0
8320,0,0,0.0
4342,1,1,0.85
4525,0,0,0.0
9858,0,0,0.0
1183,0,0,0.0
2801,0,0,0.0
5819,0,0,0.08
8085,0,0,0.0
989,0,0,0.0
3974,0,0,0.0
600,0,0,0.0
1584,0,0,0.0
5282,0,0,0.02
5040,0,0,0.0
4196,0,0,0.0
4727,1,1,0.61
9393,0,0,0.0
2735,0,0,0.0
7206,0,0,0.0
2482,0,0,0.0
6101,0,0,0.0
2046,0,0,0.0
3346,0,0,0.0
1089,0,0,0.0
3085,0,0,0.0
6714,0,0,0.0
3812,0,0,0.01
9338,0,0,0.07
8671,0,0,0.0
8730,0,0,0.0
528,0,0,0.0
2539,0,0,0.0
4360,0,0,0.0
6202,0,0,0.0
4060,0,0,0.07
1586,0,0,0.0
283,0,0,0.0
8054,0,0,0.0
5207,0,0,0.0
1753,0,0,0.0
5126,0,0,0.0
7051,0,0,0.01
8979,0,0,0.0
7697,0,0,0.0
76,0,0,0.03
8339,0,0,0.0
2248,0,0,0.0
1686,0,0,0.0
6952,0,0,0.0
9954,0,0,0.0
5728,0,0,0.01
9191,0,0,0.0
