True_Label,Predicted_Probability,Predicted_Label_Default,Predicted_Label_Optimized
0,0.035541613,0,0
1,0.13294989,0,0
0,0.0101815015,0,0
0,0.04389481,0,0
0,0.043835185,0,0
1,0.08687307,0,0
0,0.025655106,0,0
0,0.27453795,0,0
0,0.021420185,0,0
0,0.008533919,0,0
0,0.02594546,0,0
0,0.038886055,0,0
0,0.04260872,0,0
0,0.04247673,0,0
0,0.13779293,0,0
0,0.025263628,0,0
0,0.02236056,0,0
0,0.01876996,0,0
0,0.04308956,0,0
0,0.014390031,0,0
0,0.018327553,0,0
0,0.030414587,0,0
0,0.080104135,0,0
0,0.019494204,0,0
0,0.31387445,0,0
0,0.020528492,0,0
0,0.008936772,0,0
0,0.08063732,0,0
0,0.03167347,0,0
0,0.011719346,0,0
0,0.007701236,0,0
0,0.038643006,0,0
0,0.11240906,0,0
0,0.032550592,0,0
0,0.061660867,0,0
0,0.0385536,0,0
0,0.5139858,1,1
0,0.011908389,0,0
0,0.058573972,0,0
0,0.23076214,0,0
0,0.03598447,0,0
0,0.04467453,0,0
0,0.20368367,0,0
0,0.010392933,0,0
0,0.01576663,0,0
0,0.07748471,0,0
0,0.04508759,0,0
0,0.15269564,0,0
0,0.010836676,0,0
0,0.013028028,0,0
0,0.030436821,0,0
0,0.02224107,0,0
0,0.045389984,0,0
0,0.032399543,0,0
0,0.05407373,0,0
0,0.040507596,0,0
0,0.01837525,0,0
0,0.04744543,0,0
0,0.014257037,0,0
0,0.021571381,0,0
0,0.033234064,0,0
0,0.023033224,0,0
0,0.05246542,0,0
0,0.029684326,0,0
0,0.020357933,0,0
0,0.026619058,0,0
0,0.017651936,0,0
0,0.019471968,0,0
0,0.046240427,0,0
0,0.0107911825,0,0
0,0.1480767,0,0
0,0.007988013,0,0
0,0.15907715,0,0
0,0.019288119,0,0
0,0.14055471,0,0
0,0.065591566,0,0
0,0.0068920166,0,0
0,0.028583098,0,0
0,0.010059892,0,0
0,0.008840997,0,0
0,0.009893401,0,0
0,0.0056797257,0,0
0,0.12780812,0,0
0,0.06438284,0,0
0,0.09439311,0,0
0,0.06039195,0,0
0,0.107189976,0,0
0,0.025048712,0,0
0,0.007923048,0,0
0,0.019070564,0,0
0,0.025017489,0,0
0,0.040983178,0,0
0,0.0153661845,0,0
0,0.009703165,0,0
0,0.037445545,0,0
1,0.23597842,0,0
0,0.012421241,0,0
0,0.02078233,0,0
0,0.015447002,0,0
0,0.03024342,0,0
0,0.045478422,0,0
0,0.041921865,0,0
0,0.23591015,0,0
0,0.0139592625,0,0
0,0.043381717,0,0
0,0.053412884,0,0
0,0.011686624,0,0
0,0.012266896,0,0
0,0.0107694445,0,0
0,0.010237256,0,0
0,0.042116806,0,0
0,0.04016996,0,0
0,0.055252194,0,0
1,0.08005468,0,0
0,0.010206015,0,0
0,0.06796098,0,0
0,0.031343687,0,0
0,0.0339721,0,0
0,0.015249145,0,0
1,0.8433447,1,1
0,0.01710417,0,0
0,0.29936224,0,0
0,0.021725595,0,0
0,0.027419839,0,0
1,0.6651692,1,1
0,0.04644028,0,0
0,0.034728166,0,0
1,0.63045347,1,1
0,0.028314035,0,0
0,0.0154111395,0,0
0,0.023310475,0,0
0,0.052970935,0,0
0,0.012921422,0,0
0,0.045023832,0,0
0,0.041381117,0,0
0,0.015035431,0,0
0,0.01417681,0,0
0,0.101672515,0,0
0,0.011926468,0,0
0,0.014411179,0,0
0,0.01410688,0,0
0,0.037513386,0,0
0,0.02979027,0,0
0,0.019388532,0,0
0,0.016736878,0,0
0,0.23612356,0,0
0,0.033802323,0,0
0,0.013241679,0,0
0,0.021778109,0,0
0,0.034902602,0,0
0,0.046500497,0,0
0,0.034567412,0,0
0,0.35827997,0,0
0,0.013706118,0,0
0,0.058336437,0,0
0,0.4878998,0,1
1,0.121183865,0,0
0,0.029157046,0,0
0,0.06878654,0,0
0,0.022138825,0,0
0,0.020571126,0,0
0,0.06458591,0,0
0,0.03950399,0,0
0,0.0075944904,0,0
0,0.023738928,0,0
0,0.042662956,0,0
0,0.023962352,0,0
0,0.011932039,0,0
0,0.038964096,0,0
0,0.013047203,0,0
0,0.0047230944,0,0
0,0.013178217,0,0
0,0.06905593,0,0
0,0.023237372,0,0
0,0.01008892,0,0
0,0.015696967,0,0
0,0.14914489,0,0
0,0.010177071,0,0
0,0.051801357,0,0
0,0.061684735,0,0
0,0.020969063,0,0
0,0.022280224,0,0
0,0.08843949,0,0
0,0.0480208,0,0
0,0.04477075,0,0
0,0.04858376,0,0
0,0.014971144,0,0
0,0.1445376,0,0
0,0.041568104,0,0
0,0.015921805,0,0
0,0.021719242,0,0
0,0.016916214,0,0
0,0.054518584,0,0
0,0.5172981,1,1
0,0.02165154,0,0
0,0.03831592,0,0
0,0.034300495,0,0
0,0.16460833,0,0
0,0.0052361684,0,0
0,0.058608033,0,0
0,0.2568432,0,0
1,0.12708613,0,0
1,0.19608614,0,0
0,0.25581017,0,0
0,0.012715792,0,0
0,0.0080637,0,0
0,0.05224721,0,0
0,0.039348368,0,0
0,0.019322483,0,0
0,0.016378555,0,0
0,0.06540462,0,0
0,0.021520268,0,0
0,0.014187545,0,0
0,0.02147503,0,0
0,0.057945944,0,0
0,0.042032123,0,0
0,0.023408163,0,0
0,0.2088254,0,0
0,0.016994413,0,0
0,0.022388361,0,0
0,0.030492473,0,0
0,0.12609218,0,0
0,0.02629636,0,0
0,0.010874965,0,0
0,0.039144807,0,0
0,0.17099115,0,0
0,0.100679725,0,0
0,0.10405703,0,0
0,0.10579612,0,0
0,0.040792536,0,0
0,0.005566302,0,0
0,0.0100087365,0,0
0,0.04757199,0,0
0,0.036235914,0,0
0,0.05110751,0,0
0,0.03236503,0,0
0,0.032117672,0,0
0,0.17912446,0,0
0,0.015934264,0,0
0,0.022163054,0,0
0,0.0379196,0,0
0,0.05108943,0,0
0,0.052996468,0,0
0,0.5262332,1,1
0,0.123094596,0,0
1,0.011013467,0,0
0,0.28790656,0,0
0,0.011676077,0,0
0,0.013799855,0,0
0,0.047712002,0,0
0,0.036046684,0,0
0,0.017625075,0,0
0,0.012883726,0,0
0,0.056920506,0,0
0,0.022991838,0,0
0,0.3610929,0,0
0,0.59638506,1,1
0,0.018541398,0,0
0,0.02105984,0,0
0,0.15708148,0,0
0,0.055353407,0,0
0,0.06786793,0,0
0,0.011774818,0,0
0,0.09565058,0,0
0,0.009482601,0,0
0,0.04565846,0,0
0,0.02259085,0,0
0,0.035101287,0,0
0,0.042575218,0,0
0,0.1276275,0,0
0,0.061248135,0,0
0,0.00898526,0,0
0,0.009849396,0,0
0,0.025095468,0,0
0,0.006596046,0,0
0,0.043027524,0,0
0,0.10645303,0,0
0,0.008940376,0,0
0,0.016462993,0,0
0,0.034447357,0,0
0,0.020756418,0,0
0,0.033076856,0,0
0,0.016669994,0,0
0,0.04043013,0,0
0,0.0231222,0,0
0,0.23535247,0,0
0,0.7507835,1,1
1,0.39454252,0,1
0,0.062711485,0,0
0,0.032201327,0,0
0,0.04833766,0,0
0,0.13182406,0,0
0,0.042582788,0,0
0,0.010818724,0,0
0,0.040597226,0,0
0,0.097574,0,0
0,0.027777633,0,0
0,0.11125489,0,0
0,0.02985914,0,0
0,0.041812543,0,0
0,0.17682908,0,0
0,0.037766535,0,0
0,0.2068237,0,0
0,0.08007773,0,0
0,0.013135091,0,0
0,0.09010714,0,0
0,0.0118466765,0,0
0,0.16486308,0,0
0,0.0071338774,0,0
0,0.06247685,0,0
0,0.023093961,0,0
0,0.044451427,0,0
0,0.012569221,0,0
0,0.04916362,0,0
0,0.05322127,0,0
0,0.04117014,0,0
0,0.053306155,0,0
0,0.03700962,0,0
0,0.012674756,0,0
0,0.045267433,0,0
0,0.014711608,0,0
0,0.058610704,0,0
0,0.17040993,0,0
0,0.022100575,0,0
0,0.022100318,0,0
0,0.037817754,0,0
1,0.76240236,1,1
0,0.049048234,0,0
0,0.02192975,0,0
0,0.07154366,0,0
0,0.033156414,0,0
1,0.675105,1,1
0,0.007639335,0,0
0,0.015941145,0,0
0,0.061220635,0,0
0,0.2870998,0,0
0,0.046416257,0,0
0,0.028243352,0,0
0,0.085125834,0,0
0,0.13131435,0,0
0,0.039663788,0,0
0,0.03171655,0,0
1,0.21177489,0,0
0,0.021075651,0,0
0,0.027880674,0,0
0,0.00816543,0,0
0,0.27612087,0,0
0,0.045621257,0,0
0,0.03466339,0,0
0,0.031445004,0,0
0,0.0433724,0,0
0,0.076805316,0,0
0,0.021887714,0,0
0,0.011421084,0,0
0,0.013448099,0,0
0,0.04682847,0,0
0,0.042919703,0,0
0,0.13239822,0,0
0,0.020997537,0,0
0,0.040613297,0,0
0,0.4410954,0,1
0,0.13252732,0,0
0,0.13554727,0,0
0,0.030547723,0,0
0,0.031459335,0,0
0,0.031434704,0,0
0,0.029947719,0,0
0,0.03502339,0,0
1,0.34781662,0,0
0,0.013344666,0,0
0,0.017578052,0,0
0,0.028817616,0,0
0,0.1542156,0,0
0,0.006082487,0,0
0,0.021160698,0,0
0,0.01611359,0,0
0,0.030988922,0,0
0,0.050628744,0,0
0,0.010392546,0,0
0,0.06343256,0,0
0,0.03756402,0,0
0,0.10665155,0,0
0,0.0314213,0,0
0,0.019142387,0,0
0,0.07213025,0,0
0,0.17257522,0,0
0,0.009479353,0,0
0,0.17778683,0,0
0,0.02703605,0,0
0,0.058873504,0,0
0,0.045210887,0,0
0,0.02316593,0,0
0,0.018459927,0,0
0,0.017136266,0,0
0,0.05476083,0,0
0,0.031960133,0,0
0,0.03400778,0,0
0,0.019679716,0,0
0,0.0129595315,0,0
0,0.07252958,0,0
0,0.031310864,0,0
0,0.047672674,0,0
0,0.010892501,0,0
0,0.010249183,0,0
0,0.04711172,0,0
0,0.010943736,0,0
0,0.05447057,0,0
0,0.017438425,0,0
0,0.050853174,0,0
0,0.010702433,0,0
0,0.03576065,0,0
0,0.06542416,0,0
0,0.24762416,0,0
0,0.069232255,0,0
0,0.01433792,0,0
0,0.0140250195,0,0
0,0.0083656935,0,0
0,0.07946805,0,0
0,0.009899643,0,0
0,0.03308209,0,0
0,0.05252686,0,0
0,0.023495823,0,0
0,0.08083761,0,0
0,0.022202559,0,0
0,0.018792665,0,0
0,0.013554885,0,0
0,0.04587028,0,0
0,0.024976505,0,0
0,0.07525265,0,0
1,0.06543603,0,0
0,0.015868563,0,0
0,0.16863702,0,0
0,0.012468768,0,0
0,0.16131938,0,0
0,0.072243415,0,0
0,0.02803209,0,0
0,0.034239374,0,0
0,0.033714958,0,0
0,0.005964477,0,0
0,0.036439683,0,0
0,0.039282978,0,0
0,0.020696826,0,0
0,0.016422732,0,0
0,0.01030902,0,0
0,0.020464564,0,0
0,0.03647006,0,0
0,0.06659964,0,0
0,0.044890013,0,0
0,0.008493993,0,0
0,0.05091255,0,0
0,0.045738723,0,0
0,0.02293515,0,0
0,0.028939757,0,0
0,0.015521373,0,0
0,0.0140355555,0,0
0,0.05584663,0,0
0,0.1568837,0,0
0,0.03817459,0,0
0,0.013366054,0,0
0,0.040697467,0,0
0,0.045827027,0,0
0,0.01225239,0,0
0,0.009698574,0,0
0,0.1987305,0,0
0,0.02444567,0,0
0,0.00886778,0,0
0,0.039502904,0,0
0,0.027939277,0,0
0,0.035051335,0,0
0,0.06130554,0,0
0,0.022863086,0,0
0,0.013399825,0,0
0,0.045432873,0,0
0,0.022012819,0,0
0,0.020302081,0,0
0,0.0990987,0,0
0,0.035514485,0,0
0,0.034671158,0,0
0,0.13029061,0,0
0,0.023926726,0,0
0,0.016826982,0,0
0,0.013222847,0,0
0,0.020339979,0,0
0,0.5618093,1,1
0,0.019393818,0,0
0,0.34819624,0,0
0,0.028983708,0,0
0,0.010390668,0,0
0,0.019554885,0,0
0,0.03173939,0,0
0,0.01579896,0,0
0,0.0105375,0,0
0,0.03558042,0,0
0,0.012454973,0,0
0,0.008593481,0,0
0,0.035793845,0,0
0,0.03574917,0,0
0,0.013764059,0,0
0,0.07543337,0,0
0,0.03852061,0,0
0,0.036594626,0,0
0,0.037467025,0,0
0,0.03571567,0,0
0,0.018710207,0,0
0,0.007935737,0,0
0,0.010596868,0,0
0,0.5992109,1,1
0,0.010102359,0,0
0,0.014564041,0,0
0,0.009643607,0,0
0,0.027342793,0,0
0,0.02543596,0,0
0,0.03824454,0,0
0,0.07883352,0,0
0,0.051090382,0,0
0,0.017917873,0,0
0,0.031570207,0,0
0,0.064444765,0,0
1,0.6097353,1,1
0,0.029775029,0,0
0,0.027652726,0,0
0,0.042711347,0,0
0,0.012889573,0,0
0,0.044078615,0,0
0,0.040985502,0,0
0,0.026967976,0,0
0,0.18279673,0,0
0,0.036843695,0,0
0,0.0107302,0,0
0,0.041160215,0,0
0,0.0547476,0,0
0,0.024632115,0,0
0,0.01139714,0,0
0,0.15230936,0,0
0,0.036119558,0,0
0,0.20182583,0,0
0,0.073946215,0,0
0,0.010192397,0,0
0,0.014054816,0,0
0,0.009095122,0,0
0,0.022117388,0,0
0,0.2826313,0,0
0,0.032433752,0,0
0,0.03899894,0,0
0,0.027497768,0,0
0,0.015362737,0,0
0,0.040885236,0,0
0,0.01497267,0,0
0,0.014287494,0,0
0,0.007380612,0,0
0,0.018610189,0,0
0,0.029303629,0,0
0,0.015179994,0,0
1,0.29728696,0,0
0,0.020898275,0,0
0,0.039621565,0,0
0,0.14295264,0,0
0,0.029781656,0,0
0,0.009551624,0,0
1,0.44851488,0,1
0,0.054911148,0,0
0,0.037712455,0,0
0,0.016973753,0,0
0,0.056847073,0,0
0,0.11507921,0,0
1,0.21675357,0,0
0,0.6045329,1,1
0,0.158048,0,0
0,0.013140765,0,0
0,0.017241452,0,0
0,0.043275893,0,0
0,0.02824363,0,0
0,0.013161164,0,0
0,0.038091633,0,0
0,0.011744955,0,0
0,0.03643611,0,0
0,0.040629145,0,0
0,0.013856016,0,0
0,0.046949767,0,0
0,0.023311172,0,0
0,0.043973945,0,0
0,0.01998033,0,0
0,0.019233072,0,0
0,0.31422707,0,0
0,0.025837412,0,0
0,0.037839867,0,0
0,0.04298925,0,0
0,0.29101136,0,0
0,0.08497532,0,0
0,0.08151067,0,0
0,0.0078696,0,0
0,0.03058844,0,0
0,0.03519372,0,0
0,0.025845211,0,0
0,0.017933277,0,0
0,0.011714459,0,0
0,0.037119642,0,0
0,0.016527835,0,0
0,0.008443611,0,0
0,0.012533401,0,0
0,0.0105038555,0,0
0,0.03669325,0,0
0,0.015486816,0,0
0,0.015272391,0,0
0,0.6406747,1,1
0,0.043137647,0,0
0,0.02047494,0,0
0,0.04057438,0,0
0,0.020374916,0,0
0,0.013966555,0,0
0,0.10573316,0,0
0,0.016073227,0,0
0,0.015446399,0,0
0,0.20989226,0,0
0,0.017817719,0,0
0,0.028766055,0,0
0,0.045848027,0,0
0,0.046351038,0,0
0,0.083186276,0,0
0,0.018719595,0,0
0,0.53466326,1,1
0,0.009264809,0,0
0,0.022336524,0,0
0,0.018845359,0,0
0,0.013194859,0,0
0,0.039755438,0,0
0,0.024168437,0,0
0,0.020237919,0,0
0,0.25083324,0,0
0,0.042856146,0,0
0,0.038245305,0,0
0,0.025234995,0,0
0,0.047361374,0,0
0,0.01590828,0,0
0,0.021719532,0,0
0,0.013643886,0,0
0,0.030819355,0,0
0,0.032770373,0,0
0,0.06239527,0,0
0,0.010674122,0,0
0,0.008143448,0,0
0,0.025215982,0,0
0,0.014285862,0,0
0,0.044488102,0,0
0,0.010697109,0,0
0,0.035461046,0,0
0,0.02103586,0,0
0,0.065468624,0,0
0,0.102769904,0,0
0,0.1555996,0,0
0,0.017058218,0,0
0,0.052288026,0,0
0,0.019139383,0,0
0,0.012090887,0,0
0,0.024140257,0,0
0,0.032868266,0,0
0,0.009016679,0,0
0,0.021530848,0,0
0,0.12757553,0,0
0,0.015522026,0,0
0,0.018075611,0,0
0,0.04272028,0,0
0,0.03123303,0,0
0,0.009045458,0,0
0,0.040043455,0,0
0,0.0078080795,0,0
0,0.10677907,0,0
0,0.02467244,0,0
1,0.0077379323,0,0
0,0.04147669,0,0
0,0.006970222,0,0
0,0.029037572,0,0
0,0.01274316,0,0
0,0.03531214,0,0
0,0.013002052,0,0
0,0.01193539,0,0
0,0.013270548,0,0
0,0.05835463,0,0
0,0.76145387,1,1
0,0.060130604,0,0
0,0.03167306,0,0
0,0.012956445,0,0
0,0.19325063,0,0
0,0.04619298,0,0
0,0.054028574,0,0
0,0.040338635,0,0
0,0.2951977,0,0
0,0.0159914,0,0
0,0.009437123,0,0
0,0.007648161,0,0
0,0.018028965,0,0
0,0.08261984,0,0
0,0.014061499,0,0
0,0.019089006,0,0
0,0.028436074,0,0
0,0.4737791,0,1
0,0.21432808,0,0
1,0.057738997,0,0
0,0.016799528,0,0
0,0.022139944,0,0
0,0.034517493,0,0
0,0.008350047,0,0
0,0.03626037,0,0
0,0.010494453,0,0
0,0.027766762,0,0
0,0.01130702,0,0
0,0.057376433,0,0
0,0.044300176,0,0
0,0.009327305,0,0
0,0.13174577,0,0
0,0.032646596,0,0
0,0.005157494,0,0
0,0.03273908,0,0
0,0.017804215,0,0
0,0.21196434,0,0
0,0.030215751,0,0
0,0.35661817,0,0
0,0.057541136,0,0
0,0.2475503,0,0
0,0.013817783,0,0
0,0.13103911,0,0
0,0.13969691,0,0
0,0.04354158,0,0
0,0.013524527,0,0
0,0.022092877,0,0
0,0.1693343,0,0
0,0.07642147,0,0
1,0.2490097,0,0
0,0.024177976,0,0
0,0.06098591,0,0
0,0.010119381,0,0
0,0.09423032,0,0
1,0.11687538,0,0
0,0.009392812,0,0
0,0.041638363,0,0
0,0.016464377,0,0
0,0.023487082,0,0
0,0.030734293,0,0
0,0.24911828,0,0
0,0.019231692,0,0
0,0.04243725,0,0
0,0.017713435,0,0
0,0.034237072,0,0
0,0.025739174,0,0
0,0.0069098207,0,0
0,0.0741353,0,0
0,0.0764422,0,0
0,0.038950607,0,0
1,0.23304947,0,0
0,0.012371922,0,0
0,0.014271015,0,0
0,0.02121588,0,0
0,0.057584003,0,0
0,0.012574613,0,0
0,0.02003831,0,0
0,0.050176162,0,0
0,0.016578604,0,0
0,0.04573333,0,0
0,0.011282259,0,0
0,0.009832014,0,0
0,0.2806143,0,0
0,0.03979313,0,0
0,0.037488777,0,0
0,0.15232687,0,0
0,0.0068095922,0,0
0,0.04610748,0,0
0,0.011684732,0,0
0,0.026794413,0,0
0,0.08088736,0,0
0,0.2722964,0,0
0,0.015709871,0,0
0,0.50029093,1,1
0,0.024990931,0,0
0,0.008973001,0,0
0,0.03166493,0,0
0,0.032459334,0,0
0,0.019312259,0,0
0,0.015652632,0,0
0,0.008830149,0,0
0,0.026797365,0,0
0,0.04429816,0,0
0,0.03859383,0,0
0,0.086135395,0,0
0,0.04723891,0,0
0,0.0555151,0,0
0,0.043385774,0,0
0,0.016566409,0,0
0,0.031276755,0,0
0,0.07040739,0,0
0,0.041316,0,0
0,0.036494665,0,0
0,0.037240222,0,0
0,0.02751648,0,0
0,0.06797235,0,0
1,0.020423288,0,0
0,0.035631735,0,0
0,0.026276149,0,0
0,0.022859726,0,0
0,0.00544666,0,0
0,0.013910068,0,0
0,0.11458226,0,0
0,0.01298922,0,0
0,0.084083185,0,0
0,0.10255892,0,0
0,0.6309501,1,1
0,0.069738775,0,0
0,0.060294196,0,0
0,0.03358206,0,0
0,0.050986275,0,0
0,0.024130216,0,0
0,0.01294108,0,0
0,0.008301807,0,0
0,0.0228573,0,0
0,0.00794853,0,0
0,0.104466476,0,0
0,0.012342871,0,0
0,0.11576222,0,0
0,0.048336606,0,0
0,0.033735987,0,0
0,0.124262184,0,0
0,0.010427904,0,0
0,0.060085755,0,0
0,0.027922777,0,0
1,0.1395444,0,0
0,0.035770055,0,0
0,0.016335914,0,0
0,0.09515458,0,0
0,0.028816866,0,0
0,0.2978767,0,0
0,0.03509394,0,0
0,0.030726587,0,0
0,0.010588852,0,0
0,0.092561804,0,0
0,0.033256024,0,0
0,0.016746132,0,0
0,0.110568285,0,0
0,0.13033274,0,0
0,0.04084627,0,0
0,0.019863198,0,0
0,0.059065346,0,0
0,0.013005841,0,0
0,0.032102834,0,0
0,0.2251153,0,0
0,0.00900436,0,0
0,0.023546848,0,0
0,0.0438502,0,0
0,0.02207398,0,0
0,0.014406271,0,0
0,0.028047312,0,0
0,0.032675445,0,0
0,0.09320269,0,0
0,0.027498152,0,0
0,0.009017642,0,0
0,0.066273406,0,0
0,0.03492571,0,0
0,0.01159927,0,0
0,0.006466222,0,0
0,0.30571496,0,0
0,0.038452234,0,0
0,0.042795416,0,0
0,0.022120781,0,0
0,0.006883986,0,0
0,0.04321733,0,0
0,0.055172402,0,0
0,0.037064128,0,0
0,0.22979683,0,0
0,0.012124818,0,0
0,0.015886027,0,0
0,0.1759043,0,0
0,0.055698503,0,0
0,0.04793762,0,0
0,0.0096430145,0,0
0,0.0064940266,0,0
0,0.42178127,0,1
0,0.018760355,0,0
0,0.072334796,0,0
0,0.014432456,0,0
0,0.01601678,0,0
0,0.021716524,0,0
0,0.01298361,0,0
0,0.38994008,0,1
0,0.02859282,0,0
0,0.010488552,0,0
0,0.012632709,0,0
0,0.037864074,0,0
0,0.041880086,0,0
0,0.026745575,0,0
0,0.15175456,0,0
0,0.03661381,0,0
0,0.050244447,0,0
0,0.025342021,0,0
0,0.19181783,0,0
0,0.032874852,0,0
0,0.01943386,0,0
0,0.058441546,0,0
0,0.029397698,0,0
0,0.2953347,0,0
0,0.0095411,0,0
0,0.01229379,0,0
0,0.01146631,0,0
0,0.036560018,0,0
0,0.014647163,0,0
1,0.6270046,1,1
0,0.0067663435,0,0
0,0.08915116,0,0
0,0.03148979,0,0
0,0.05462384,0,0
0,0.10966386,0,0
0,0.010642997,0,0
0,0.0243571,0,0
0,0.015387296,0,0
0,0.038409207,0,0
0,0.05385728,0,0
0,0.015655614,0,0
0,0.20980284,0,0
0,0.058850132,0,0
1,0.08964549,0,0
0,0.03817965,0,0
0,0.020283788,0,0
0,0.031593554,0,0
0,0.013215999,0,0
0,0.013770722,0,0
0,0.025946667,0,0
0,0.020077348,0,0
0,0.03938533,0,0
0,0.03927337,0,0
0,0.016552571,0,0
0,0.017030207,0,0
0,0.043256607,0,0
0,0.20224467,0,0
0,0.023937104,0,0
0,0.077924155,0,0
0,0.019017711,0,0
0,0.102380246,0,0
0,0.01585474,0,0
0,0.006778022,0,0
0,0.01887316,0,0
0,0.009658365,0,0
0,0.07809924,0,0
0,0.043687586,0,0
0,0.094333604,0,0
0,0.009643289,0,0
0,0.023331627,0,0
0,0.03243625,0,0
1,0.40689477,0,1
0,0.02290493,0,0
0,0.00830591,0,0
0,0.05307182,0,0
0,0.1050974,0,0
0,0.015892508,0,0
0,0.015314398,0,0
0,0.011794916,0,0
0,0.0068396986,0,0
0,0.070476696,0,0
0,0.02111945,0,0
0,0.06888535,0,0
0,0.028339243,0,0
0,0.017576579,0,0
0,0.032654744,0,0
0,0.013367324,0,0
0,0.012838142,0,0
0,0.061772685,0,0
0,0.027357114,0,0
0,0.19993988,0,0
0,0.09954768,0,0
0,0.04585366,0,0
0,0.029657718,0,0
0,0.46302882,0,1
0,0.011078767,0,0
0,0.019697797,0,0
0,0.020961966,0,0
0,0.03021308,0,0
0,0.025058586,0,0
0,0.019698225,0,0
0,0.021336634,0,0
0,0.008994465,0,0
0,0.012061794,0,0
0,0.03476536,0,0
0,0.047352847,0,0
0,0.053377166,0,0
0,0.057383377,0,0
0,0.050641265,0,0
0,0.098678246,0,0
0,0.035448913,0,0
0,0.03996824,0,0
0,0.0110752,0,0
0,0.011762551,0,0
0,0.019337194,0,0
0,0.045009524,0,0
0,0.019714653,0,0
0,0.009793323,0,0
0,0.0112121245,0,0
0,0.049867634,0,0
0,0.037372723,0,0
0,0.01540293,0,0
0,0.0638338,0,0
0,0.070677005,0,0
0,0.10573994,0,0
0,0.08945555,0,0
0,0.123956874,0,0
0,0.042083826,0,0
0,0.3268908,0,0
1,0.3738351,0,1
0,0.010176274,0,0
0,0.017067846,0,0
0,0.019134223,0,0
0,0.03378586,0,0
0,0.027046273,0,0
0,0.20325407,0,0
0,0.058046203,0,0
0,0.0071390164,0,0
0,0.05105244,0,0
0,0.1538535,0,0
0,0.03716017,0,0
0,0.03148251,0,0
0,0.03603385,0,0
0,0.005565368,0,0
0,0.66330713,1,1
0,0.1184359,0,0
0,0.011642428,0,0
0,0.04407343,0,0
0,0.013053296,0,0
0,0.010690958,0,0
0,0.021420358,0,0
0,0.011852138,0,0
0,0.0068931,0,0
0,0.050942887,0,0
0,0.5598661,1,1
0,0.047949933,0,0
0,0.39623904,0,1
0,0.04384182,0,0
0,0.021195631,0,0
0,0.04338883,0,0
0,0.051876616,0,0
0,0.012823327,0,0
0,0.27624726,0,0
0,0.18732466,0,0
0,0.043086976,0,0
0,0.016691692,0,0
0,0.022003558,0,0
0,0.01169231,0,0
0,0.058228258,0,0
0,0.051789578,0,0
1,0.3952399,0,1
0,0.008026578,0,0
0,0.045774493,0,0
0,0.04288429,0,0
0,0.19142686,0,0
0,0.014417235,0,0
0,0.109594986,0,0
0,0.08579375,0,0
0,0.078790985,0,0
0,0.015167452,0,0
0,0.037477534,0,0
0,0.035741236,0,0
0,0.012836867,0,0
0,0.025247706,0,0
0,0.060125515,0,0
0,0.05595435,0,0
0,0.021316579,0,0
0,0.0099293515,0,0
0,0.051235884,0,0
0,0.030783063,0,0
0,0.025304712,0,0
0,0.024502393,0,0
0,0.14552377,0,0
0,0.008004217,0,0
0,0.19333956,0,0
0,0.035880852,0,0
0,0.04578752,0,0
0,0.02156585,0,0
0,0.05382815,0,0
0,0.0079074185,0,0
0,0.067678906,0,0
0,0.09573191,0,0
0,0.026072573,0,0
0,0.050796825,0,0
0,0.24960242,0,0
0,0.04313444,0,0
0,0.04048792,0,0
0,0.41813093,0,1
0,0.38608903,0,1
0,0.011302873,0,0
0,0.01758372,0,0
0,0.019008772,0,0
0,0.078242905,0,0
0,0.018215356,0,0
0,0.020916129,0,0
0,0.015736274,0,0
0,0.039423745,0,0
0,0.17171285,0,0
0,0.0074561005,0,0
0,0.012269583,0,0
0,0.02138829,0,0
0,0.016991958,0,0
0,0.015377278,0,0
0,0.012512297,0,0
0,0.1766872,0,0
0,0.2018998,0,0
0,0.01844832,0,0
0,0.032067124,0,0
0,0.051791966,0,0
0,0.040754985,0,0
0,0.019484928,0,0
0,0.020631026,0,0
0,0.024557305,0,0
1,0.76144105,1,1
0,0.15664713,0,0
0,0.022431582,0,0
1,0.38401455,0,1
0,0.019672778,0,0
0,0.042928524,0,0
0,0.016141117,0,0
0,0.030046642,0,0
0,0.022719106,0,0
0,0.030421307,0,0
0,0.060727216,0,0
0,0.014367216,0,0
0,0.042571533,0,0
0,0.104070544,0,0
0,0.034002908,0,0
0,0.12224984,0,0
0,0.0507307,0,0
0,0.046843775,0,0
0,0.045037318,0,0
0,0.32708865,0,0
0,0.028491067,0,0
0,0.015618528,0,0
0,0.15364513,0,0
0,0.02213584,0,0
0,0.009164148,0,0
1,0.78265727,1,1
0,0.030442886,0,0
0,0.01362823,0,0
1,0.79299945,1,1
0,0.026105205,0,0
0,0.31491628,0,0
0,0.37132958,0,1
0,0.04943258,0,0
0,0.19404188,0,0
0,0.012930737,0,0
0,0.04963472,0,0
0,0.06467115,0,0
0,0.054603994,0,0
1,0.6388461,1,1
0,0.18978943,0,0
0,0.019845873,0,0
0,0.01837866,0,0
0,0.017137703,0,0
0,0.04058698,0,0
0,0.006491858,0,0
0,0.07526306,0,0
1,0.33594057,0,0
0,0.05399599,0,0
0,0.015290789,0,0
0,0.037708223,0,0
0,0.021960177,0,0
0,0.04737135,0,0
0,0.06801523,0,0
0,0.071590774,0,0
0,0.08356185,0,0
0,0.013398894,0,0
0,0.008882212,0,0
0,0.030849969,0,0
0,0.015598387,0,0
0,0.015517979,0,0
0,0.013448921,0,0
1,0.053170536,0,0
0,0.031832885,0,0
0,0.02043639,0,0
0,0.025486376,0,0
0,0.13708083,0,0
0,0.114495635,0,0
0,0.04843394,0,0
0,0.046753418,0,0
0,0.13417809,0,0
0,0.04068219,0,0
0,0.027892007,0,0
0,0.022280041,0,0
0,0.044547513,0,0
0,0.06853501,0,0
0,0.015209648,0,0
1,0.37333357,0,1
0,0.04545689,0,0
0,0.070790775,0,0
0,0.056836016,0,0
0,0.01689915,0,0
0,0.017621452,0,0
1,0.25559238,0,0
0,0.019383088,0,0
0,0.07995835,0,0
0,0.04099373,0,0
0,0.023720896,0,0
0,0.009009881,0,0
0,0.016978154,0,0
0,0.009738657,0,0
0,0.0063134762,0,0
0,0.015030596,0,0
0,0.028067159,0,0
0,0.036139652,0,0
0,0.016799487,0,0
0,0.008504819,0,0
0,0.21635237,0,0
0,0.043024853,0,0
0,0.101148434,0,0
0,0.028906096,0,0
0,0.014308561,0,0
0,0.027060408,0,0
0,0.019687552,0,0
0,0.039365858,0,0
0,0.017548868,0,0
0,0.031772166,0,0
0,0.05441908,0,0
0,0.026836816,0,0
0,0.11851469,0,0
0,0.28799638,0,0
0,0.030497648,0,0
0,0.020813685,0,0
0,0.011611637,0,0
0,0.09742593,0,0
0,0.008006641,0,0
0,0.010947267,0,0
0,0.030979715,0,0
0,0.023755383,0,0
0,0.023226602,0,0
0,0.0120314,0,0
0,0.022848535,0,0
0,0.034920942,0,0
0,0.047334824,0,0
0,0.042383853,0,0
0,0.24761222,0,0
0,0.09200822,0,0
0,0.022038527,0,0
0,0.01594638,0,0
0,0.03827716,0,0
0,0.011804084,0,0
0,0.013678131,0,0
0,0.08046719,0,0
0,0.013607568,0,0
0,0.064115815,0,0
0,0.008857128,0,0
0,0.025097605,0,0
0,0.024159566,0,0
0,0.025577553,0,0
0,0.016922884,0,0
0,0.50452596,1,1
0,0.022372883,0,0
0,0.61774755,1,1
0,0.015624862,0,0
0,0.016021853,0,0
0,0.04579301,0,0
0,0.060007565,0,0
0,0.03193745,0,0
0,0.6875262,1,1
0,0.017822025,0,0
0,0.0075336597,0,0
0,0.048513886,0,0
0,0.015194606,0,0
0,0.112141624,0,0
0,0.065757655,0,0
0,0.03594918,0,0
0,0.11897922,0,0
0,0.16908623,0,0
0,0.03590823,0,0
0,0.016274773,0,0
0,0.13197668,0,0
0,0.017946491,0,0
0,0.023887848,0,0
0,0.020836405,0,0
0,0.033874623,0,0
0,0.045379333,0,0
0,0.013360748,0,0
0,0.048516955,0,0
0,0.040742937,0,0
0,0.012397001,0,0
0,0.027032688,0,0
0,0.056078278,0,0
0,0.35306782,0,0
0,0.011587609,0,0
0,0.09238102,0,0
0,0.04791405,0,0
0,0.006050157,0,0
0,0.035231907,0,0
0,0.028441668,0,0
0,0.041578904,0,0
0,0.06420671,0,0
0,0.07204881,0,0
0,0.07447608,0,0
0,0.03510563,0,0
0,0.015224074,0,0
0,0.011923845,0,0
0,0.051533468,0,0
0,0.028588342,0,0
0,0.11602913,0,0
0,0.012368298,0,0
0,0.044798367,0,0
0,0.01853246,0,0
0,0.036363848,0,0
0,0.044659812,0,0
0,0.015889712,0,0
0,0.10915642,0,0
0,0.055517275,0,0
0,0.10484898,0,0
0,0.20952587,0,0
0,0.08756874,0,0
0,0.015162503,0,0
0,0.056205418,0,0
0,0.012074745,0,0
0,0.029783402,0,0
1,0.105970286,0,0
0,0.022041025,0,0
0,0.13951483,0,0
0,0.0349734,0,0
0,0.033688672,0,0
0,0.02106226,0,0
0,0.04200025,0,0
0,0.016850283,0,0
0,0.022886721,0,0
0,0.04973626,0,0
0,0.05666681,0,0
0,0.021915682,0,0
0,0.1364029,0,0
0,0.012169936,0,0
0,0.12980545,0,0
0,0.009695516,0,0
0,0.06481558,0,0
0,0.089360595,0,0
0,0.19164908,0,0
0,0.013566884,0,0
0,0.06481523,0,0
0,0.1048548,0,0
0,0.04096108,0,0
0,0.015641931,0,0
0,0.016765788,0,0
0,0.00852743,0,0
0,0.016410975,0,0
0,0.4021989,0,1
0,0.020146457,0,0
0,0.00881387,0,0
0,0.22471671,0,0
0,0.048224866,0,0
0,0.030276135,0,0
0,0.21254162,0,0
0,0.03506731,0,0
0,0.03518763,0,0
0,0.13997672,0,0
0,0.01896775,0,0
0,0.016374093,0,0
1,0.018049642,0,0
0,0.012613946,0,0
0,0.029508714,0,0
0,0.0119123785,0,0
0,0.00973839,0,0
0,0.010966144,0,0
0,0.009434379,0,0
0,0.022463338,0,0
0,0.19529204,0,0
0,0.048094425,0,0
0,0.0882738,0,0
0,0.037978947,0,0
0,0.15927656,0,0
0,0.042881858,0,0
0,0.018709857,0,0
0,0.025166197,0,0
0,0.019116176,0,0
0,0.06685689,0,0
0,0.019415913,0,0
0,0.047117967,0,0
0,0.005904233,0,0
0,0.018113375,0,0
0,0.03655126,0,0
0,0.17305788,0,0
0,0.03684147,0,0
0,0.012055386,0,0
0,0.017512584,0,0
0,0.14434181,0,0
0,0.08109655,0,0
0,0.39205003,0,1
0,0.008817592,0,0
0,0.02654854,0,0
0,0.047866464,0,0
0,0.045686487,0,0
0,0.014401782,0,0
0,0.03410155,0,0
0,0.11114046,0,0
0,0.16106345,0,0
0,0.14574295,0,0
0,0.022972954,0,0
0,0.069152884,0,0
0,0.02082224,0,0
0,0.020590723,0,0
0,0.014689777,0,0
0,0.013716261,0,0
0,0.047650773,0,0
0,0.012817708,0,0
0,0.010412957,0,0
0,0.069310285,0,0
1,0.0959343,0,0
0,0.0881313,0,0
0,0.116751626,0,0
0,0.059160147,0,0
0,0.030675659,0,0
0,0.006830056,0,0
0,0.02591278,0,0
0,0.015982265,0,0
0,0.012529613,0,0
0,0.2803341,0,0
0,0.12743762,0,0
0,0.10691068,0,0
0,0.026918065,0,0
0,0.01639206,0,0
0,0.025342776,0,0
0,0.07105609,0,0
0,0.025697082,0,0
0,0.029691493,0,0
0,0.117676236,0,0
0,0.035772774,0,0
0,0.042727064,0,0
0,0.010686254,0,0
0,0.05696546,0,0
0,0.012984557,0,0
0,0.014667299,0,0
0,0.12684815,0,0
0,0.033466507,0,0
0,0.04138489,0,0
0,0.018406944,0,0
0,0.00855702,0,0
0,0.044414442,0,0
0,0.105664276,0,0
0,0.057438344,0,0
0,0.047544733,0,0
0,0.016825836,0,0
0,0.026415216,0,0
1,0.44647422,0,1
0,0.0355557,0,0
0,0.020190252,0,0
0,0.15248893,0,0
0,0.031688098,0,0
1,0.38274673,0,1
0,0.041299127,0,0
0,0.04839389,0,0
0,0.6372218,1,1
0,0.016808193,0,0
0,0.014097665,0,0
0,0.015218628,0,0
0,0.013602219,0,0
0,0.13004123,0,0
0,0.011043715,0,0
0,0.026876904,0,0
0,0.018095354,0,0
0,0.036391832,0,0
0,0.33245605,0,0
0,0.10149491,0,0
0,0.29937506,0,0
0,0.022202011,0,0
0,0.08301551,0,0
0,0.14651036,0,0
0,0.10713635,0,0
0,0.10608593,0,0
0,0.011921189,0,0
0,0.03196553,0,0
0,0.02974226,0,0
0,0.031878795,0,0
0,0.01887902,0,0
0,0.016919822,0,0
0,0.007825246,0,0
0,0.02076115,0,0
0,0.020278182,0,0
0,0.05307129,0,0
0,0.02511106,0,0
0,0.043856326,0,0
0,0.28366044,0,0
0,0.011839596,0,0
0,0.060925253,0,0
0,0.010286224,0,0
0,0.029293723,0,0
0,0.0396082,0,0
0,0.013964749,0,0
0,0.050420076,0,0
0,0.019943742,0,0
0,0.17272504,0,0
0,0.05098823,0,0
0,0.029831387,0,0
0,0.012257684,0,0
0,0.27887744,0,0
0,0.011785248,0,0
0,0.03644011,0,0
0,0.016006803,0,0
0,0.021906458,0,0
0,0.06898513,0,0
0,0.012193518,0,0
0,0.23096721,0,0
0,0.009167941,0,0
0,0.012944707,0,0
0,0.023406299,0,0
0,0.0054588863,0,0
0,0.033598293,0,0
0,0.23331465,0,0
0,0.024528192,0,0
0,0.06808062,0,0
0,0.009289251,0,0
0,0.032245137,0,0
0,0.030146776,0,0
0,0.104898185,0,0
0,0.055165444,0,0
0,0.017143358,0,0
0,0.040087,0,0
0,0.09016571,0,0
0,0.0115853045,0,0
0,0.02672216,0,0
0,0.0068698,0,0
0,0.10415211,0,0
0,0.026227295,0,0
0,0.007129204,0,0
0,0.009661375,0,0
0,0.029945256,0,0
0,0.021658318,0,0
0,0.0147910705,0,0
0,0.046027493,0,0
0,0.012382974,0,0
0,0.049905334,0,0
0,0.007582198,0,0
0,0.023965208,0,0
0,0.051574282,0,0
0,0.0112849455,0,0
0,0.043065343,0,0
0,0.039309226,0,0
0,0.147795,0,0
0,0.029367957,0,0
0,0.045937747,0,0
0,0.016023628,0,0
0,0.01589168,0,0
0,0.12467282,0,0
1,0.046739075,0,0
1,0.88745546,1,1
0,0.039696485,0,0
0,0.018069632,0,0
1,0.8440218,1,1
0,0.053406812,0,0
0,0.037025664,0,0
0,0.014842432,0,0
0,0.014065617,0,0
0,0.1533253,0,0
0,0.044770278,0,0
0,0.03485312,0,0
0,0.028108286,0,0
0,0.034124848,0,0
0,0.083912484,0,0
0,0.00897409,0,0
0,0.05853767,0,0
0,0.087631375,0,0
0,0.033329964,0,0
0,0.014148555,0,0
0,0.2945068,0,0
0,0.04608516,0,0
0,0.06383368,0,0
0,0.022229282,0,0
0,0.22891925,0,0
0,0.09996536,0,0
0,0.014688934,0,0
0,0.028191874,0,0
0,0.040573757,0,0
0,0.08419121,0,0
0,0.04779578,0,0
0,0.0440791,0,0
0,0.00602792,0,0
0,0.06258016,0,0
0,0.05537127,0,0
0,0.14297733,0,0
0,0.0182641,0,0
0,0.029255213,0,0
0,0.06613307,0,0
0,0.009219134,0,0
0,0.26266283,0,0
0,0.017910264,0,0
0,0.15919623,0,0
0,0.041096848,0,0
0,0.082624555,0,0
0,0.15535986,0,0
0,0.2123775,0,0
0,0.009338198,0,0
0,0.007884897,0,0
0,0.01313394,0,0
0,0.021776853,0,0
0,0.03671896,0,0
0,0.21082914,0,0
0,0.015419932,0,0
0,0.021332435,0,0
0,0.07135214,0,0
0,0.15862712,0,0
0,0.017867498,0,0
0,0.010220799,0,0
0,0.104712345,0,0
0,0.14660779,0,0
0,0.024386058,0,0
0,0.015378824,0,0
0,0.009298568,0,0
0,0.21061288,0,0
0,0.030195752,0,0
0,0.032215096,0,0
1,0.24563937,0,0
0,0.056079935,0,0
0,0.21407714,0,0
0,0.011157758,0,0
0,0.046014447,0,0
0,0.06825182,0,0
0,0.12823597,0,0
0,0.019478833,0,0
0,0.14385605,0,0
0,0.038841553,0,0
0,0.032925945,0,0
0,0.03720333,0,0
0,0.05686756,0,0
0,0.2960328,0,0
0,0.017033266,0,0
0,0.0074894726,0,0
0,0.055330075,0,0
0,0.03653046,0,0
0,0.014655459,0,0
0,0.042928655,0,0
0,0.04963607,0,0
0,0.023527427,0,0
0,0.048111726,0,0
0,0.037797615,0,0
0,0.20781076,0,0
0,0.021803804,0,0
0,0.007464857,0,0
0,0.1946975,0,0
1,0.011187359,0,0
0,0.028860193,0,0
0,0.11536848,0,0
0,0.07348819,0,0
0,0.030879626,0,0
0,0.011796116,0,0
0,0.031890884,0,0
0,0.023600928,0,0
1,0.57770634,1,1
1,0.46421292,0,1
0,0.021314953,0,0
0,0.00551085,0,0
0,0.011993143,0,0
0,0.040051367,0,0
0,0.045028254,0,0
0,0.014338649,0,0
0,0.011015767,0,0
0,0.026482273,0,0
0,0.037951082,0,0
0,0.012905825,0,0
0,0.09390614,0,0
0,0.025854291,0,0
0,0.024062129,0,0
0,0.09509843,0,0
0,0.029241417,0,0
0,0.046730623,0,0
0,0.037466053,0,0
0,0.048101157,0,0
0,0.010451786,0,0
0,0.042965245,0,0
0,0.07119841,0,0
0,0.010374089,0,0
0,0.03481682,0,0
1,0.08992069,0,0
0,0.019337105,0,0
0,0.013365664,0,0
0,0.17515658,0,0
0,0.014545781,0,0
0,0.03802886,0,0
0,0.009435523,0,0
0,0.009051795,0,0
0,0.025934348,0,0
0,0.036739457,0,0
0,0.07312327,0,0
0,0.06541922,0,0
0,0.03274222,0,0
0,0.010124595,0,0
0,0.02971379,0,0
0,0.099933155,0,0
0,0.014044902,0,0
0,0.01800928,0,0
0,0.077501275,0,0
0,0.010536576,0,0
0,0.054831684,0,0
0,0.029376995,0,0
0,0.09690256,0,0
0,0.020417988,0,0
0,0.013171597,0,0
0,0.06562267,0,0
0,0.06623875,0,0
0,0.024584698,0,0
0,0.039085545,0,0
0,0.052094035,0,0
0,0.019201197,0,0
0,0.044558197,0,0
0,0.029007083,0,0
0,0.0924996,0,0
0,0.011816906,0,0
0,0.33439037,0,0
0,0.049849205,0,0
0,0.014712659,0,0
0,0.005800736,0,0
0,0.37541342,0,1
0,0.008590304,0,0
0,0.01925319,0,0
0,0.16307215,0,0
0,0.05663488,0,0
0,0.038860764,0,0
0,0.012372051,0,0
0,0.021028059,0,0
1,0.43835828,0,1
0,0.039649814,0,0
0,0.015187787,0,0
0,0.008315499,0,0
0,0.0148551185,0,0
0,0.04114338,0,0
0,0.01103266,0,0
0,0.023485031,0,0
0,0.014988761,0,0
0,0.17681305,0,0
0,0.050034575,0,0
0,0.012660807,0,0
0,0.04748834,0,0
0,0.0034486973,0,0
0,0.049113248,0,0
0,0.06665628,0,0
0,0.018150557,0,0
0,0.011358865,0,0
0,0.014218763,0,0
0,0.012869586,0,0
0,0.061076608,0,0
0,0.025864068,0,0
0,0.015468955,0,0
0,0.07963304,0,0
0,0.015445125,0,0
0,0.10261135,0,0
0,0.08391154,0,0
0,0.025963584,0,0
0,0.04112053,0,0
0,0.026303975,0,0
0,0.024586977,0,0
0,0.022035351,0,0
0,0.0104330825,0,0
0,0.022153068,0,0
0,0.0072755,0,0
0,0.02473022,0,0
0,0.012180339,0,0
0,0.018728655,0,0
0,0.036221713,0,0
0,0.050898753,0,0
0,0.004598816,0,0
0,0.05730519,0,0
0,0.0074969158,0,0
0,0.10307055,0,0
0,0.0728387,0,0
0,0.009625249,0,0
0,0.03954565,0,0
0,0.009538302,0,0
0,0.0103014335,0,0
0,0.026360126,0,0
0,0.0079646995,0,0
0,0.03814534,0,0
0,0.011431264,0,0
0,0.02435413,0,0
0,0.084684126,0,0
0,0.018500159,0,0
0,0.065363124,0,0
0,0.017703481,0,0
0,0.035141498,0,0
0,0.04942228,0,0
0,0.033639763,0,0
0,0.005750492,0,0
0,0.016251666,0,0
0,0.032002065,0,0
0,0.014527521,0,0
0,0.013804507,0,0
0,0.4501334,0,1
0,0.019138854,0,0
0,0.032029204,0,0
0,0.009959412,0,0
0,0.009188557,0,0
0,0.031218523,0,0
0,0.057549957,0,0
0,0.21327636,0,0
0,0.14494656,0,0
0,0.03273652,0,0
0,0.19822097,0,0
0,0.69518477,1,1
0,0.015699625,0,0
0,0.059595436,0,0
0,0.017250957,0,0
0,0.17408745,0,0
0,0.0130583225,0,0
0,0.018483663,0,0
0,0.014577022,0,0
0,0.008061164,0,0
0,0.027144138,0,0
0,0.043386225,0,0
0,0.043266542,0,0
0,0.015791327,0,0
0,0.4933694,0,1
0,0.01586004,0,0
0,0.024042262,0,0
0,0.013689767,0,0
0,0.027477225,0,0
0,0.07290558,0,0
0,0.029774105,0,0
0,0.020208372,0,0
0,0.18982325,0,0
0,0.033876397,0,0
0,0.08645756,0,0
0,0.13309732,0,0
0,0.057396036,0,0
0,0.017027726,0,0
0,0.044646107,0,0
0,0.23156068,0,0
0,0.014223322,0,0
0,0.014383026,0,0
0,0.03143688,0,0
0,0.05646682,0,0
0,0.011756169,0,0
0,0.020457888,0,0
0,0.08262537,0,0
0,0.03740952,0,0
0,0.08844729,0,0
0,0.038124498,0,0
0,0.035274632,0,0
0,0.35077092,0,0
0,0.036842115,0,0
0,0.062655844,0,0
0,0.0715075,0,0
0,0.013071499,0,0
0,0.012006586,0,0
0,0.026071593,0,0
0,0.034100536,0,0
0,0.12828805,0,0
0,0.04413847,0,0
0,0.01967147,0,0
0,0.08849095,0,0
0,0.013792957,0,0
1,0.021476712,0,0
0,0.008306524,0,0
0,0.08771949,0,0
0,0.0964197,0,0
0,0.009730538,0,0
0,0.049862508,0,0
0,0.022669204,0,0
0,0.02787837,0,0
0,0.045798544,0,0
0,0.016992286,0,0
0,0.05699472,0,0
0,0.050148997,0,0
0,0.12065087,0,0
0,0.0059601227,0,0
0,0.087641954,0,0
0,0.17585374,0,0
0,0.014938172,0,0
0,0.015770545,0,0
0,0.028310237,0,0
0,0.048483085,0,0
0,0.03821191,0,0
0,0.05866174,0,0
0,0.030283097,0,0
0,0.08505095,0,0
0,0.007031734,0,0
0,0.007967745,0,0
0,0.09026613,0,0
0,0.011326295,0,0
0,0.013411121,0,0
0,0.016119579,0,0
0,0.008292395,0,0
0,0.012658518,0,0
0,0.029496117,0,0
0,0.009688682,0,0
0,0.01753904,0,0
0,0.09096282,0,0
0,0.01957299,0,0
0,0.030889705,0,0
0,0.050668575,0,0
0,0.011266355,0,0
0,0.35027984,0,0
1,0.8042301,1,1
0,0.025139423,0,0
0,0.010305674,0,0
0,0.0287928,0,0
0,0.15537365,0,0
0,0.19458328,0,0
0,0.06820674,0,0
0,0.020955542,0,0
0,0.050393682,0,0
0,0.051023696,0,0
0,0.07229534,0,0
0,0.13492619,0,0
0,0.02117174,0,0
0,0.028171118,0,0
0,0.017978767,0,0
0,0.019123312,0,0
0,0.02047903,0,0
0,0.01213854,0,0
0,0.07259003,0,0
0,0.013740022,0,0
0,0.12605476,0,0
0,0.04545636,0,0
0,0.01312877,0,0
0,0.1742321,0,0
0,0.5005182,1,1
0,0.020579802,0,0
0,0.012399045,0,0
0,0.038264245,0,0
0,0.018573673,0,0
0,0.0082050245,0,0
0,0.009279391,0,0
1,0.46797118,0,1
0,0.022245312,0,0
0,0.0055226586,0,0
0,0.025865497,0,0
0,0.04065289,0,0
0,0.03788074,0,0
0,0.008727265,0,0
0,0.037397522,0,0
0,0.037473656,0,0
0,0.020894509,0,0
0,0.008161914,0,0
0,0.024049371,0,0
0,0.04596091,0,0
0,0.09351378,0,0
0,0.07082846,0,0
0,0.05817695,0,0
0,0.02567725,0,0
0,0.010359315,0,0
0,0.013989203,0,0
0,0.08759743,0,0
0,0.049600452,0,0
0,0.013167828,0,0
0,0.24391061,0,0
0,0.026771527,0,0
0,0.49647602,0,1
0,0.010666576,0,0
0,0.03517975,0,0
0,0.028876744,0,0
1,0.0430498,0,0
0,0.058423158,0,0
0,0.04569427,0,0
0,0.010866926,0,0
0,0.027583154,0,0
0,0.031783268,0,0
0,0.024279911,0,0
0,0.021367246,0,0
0,0.030514887,0,0
0,0.011333694,0,0
0,0.03327022,0,0
0,0.025814682,0,0
0,0.23215382,0,0
0,0.015742797,0,0
0,0.8261661,1,1
0,0.010954228,0,0
0,0.007866659,0,0
0,0.0130394455,0,0
0,0.6276175,1,1
0,0.018027132,0,0
0,0.04594479,0,0
0,0.036434792,0,0
0,0.02113279,0,0
0,0.01956129,0,0
0,0.2621907,0,0
0,0.049010824,0,0
0,0.010582824,0,0
0,0.022962986,0,0
0,0.024938682,0,0
0,0.010813159,0,0
0,0.081646286,0,0
0,0.031213984,0,0
0,0.35287845,0,0
0,0.03195707,0,0
0,0.02025849,0,0
0,0.015965039,0,0
0,0.010146869,0,0
0,0.027695792,0,0
0,0.008243872,0,0
0,0.059496306,0,0
0,0.040299494,0,0
0,0.022046205,0,0
0,0.02915903,0,0
0,0.007817064,0,0
0,0.02380097,0,0
0,0.011737933,0,0
0,0.009074633,0,0
0,0.023117617,0,0
0,0.040044818,0,0
0,0.018979426,0,0
0,0.011251529,0,0
0,0.015031606,0,0
0,0.016554147,0,0
0,0.12249044,0,0
0,0.026654763,0,0
0,0.0076557286,0,0
0,0.009691112,0,0
0,0.06161188,0,0
0,0.04809726,0,0
0,0.16019142,0,0
1,0.44674006,0,1
0,0.22567105,0,0
